"HEX","SUB","WORLD","ALL","TAS","SP","DIA","G","ATM","CLIMATE","POP","GOV","CR","TL","WTN","TRADE","PRI","COM","TER","GG","PB","AU","MN","H%"
"HEX","SUB","WORLD","ALL","TAS","SP","DIA","G","ATM","CLIMATE","POP","GOV","CR","TL","WTN","TRADE","PRI","COM","COM","GG","PB","AU","MN","H%"
"0101","A","ZEYCUDE","ZHO","GRN","III","3306","","VTHIN","COLD","6.6M","BUREA","4","9","4","DENAPO","M9V","","","3","1","","","0"
"0102","A","RENO","ZHO","GRN","III","590","","VTH-T","VCOLD","60M","DICTA","4","9","4.5","DENAPO","G8V","M1D","","3","0","","","0"
"0103","A","ERRERE","ZHO","GRN","IV-N","2329","","STD","WARM","9M","OLIGA","2","9","4","NIRI","M1V","M4D","","0","1","","","27"
"0104","A","CANTREL","ZHO","GRN","III","3008","","STD","WARM","619","REPDE","2","9","3","EONI","F1III","","","0","2","","","56"
"0108","A","GYOMAR","IND","GRN","II","7620","","CORRO","VCOLD","8.03M","BUREA","5","6","3.5","FLNI","A8IV","","","4","2","","","20"
"0202","A","THENGO","ZHO","GRN","III","7462","","STD","WARM","800K","BUREA","4","6","3","AGNI","G5V","M3D","","1","0","","","84"
"0301","A","RIO","IND","GRN","III","6215","","DENSE","COLD","1.1B","REPDE","4","8","4.5","HI","M1V","M0D","","1","0","","","62"
"0303","A","GESENTOWN","ZHO","GRN","IV","1529","","TRACE","VCOLD","8.045M","MILIT","5","10","4","ICNANI","M9D","M9D","","1","0","","","5"
"0304","A","CHRONOR*","ZHO","GRN","V-N","5718","","VTHIN","VCOLD","8B","OLIGA","2","10","5.5","CPHI","M8V","","","0","1","","","60"
"0307","A","ATSA/CR","ZHO","GRN","IV-N","4261","","VTHIN","COOL","62M","OLIGA","4","10","4.5","NAPO","F7V","M9D","","0","1","","","32"
"0503","A","WHENGE","ZHO","GRN","II","6224","","THIN-T","COOL","500K","TRIBE","0","8","3","AGNI","M8V","","","0","1","","","80"
"0601","A","ENLAS-DU","ZHO","GRN","I","8875","","STD-T","NORM","31B","MULTI","1-2","6","3","AGNI","F1V","","","3","2","","","53"
"0605","A","ALGEBASTER","ZCS","GRN","III","5502","","STD","WARM","4.4M","TECHN","4","9","4","AGNIRI","M0V","M1D","","0","1","","","50"
"0607","A","RASATT","ZHO","GRN","0","8213","","DENSE","TROPI","90K","ANARC","0","7","0","NIRI","F0V","","","0","1","","","25"
"0608","A","NINJAR","ZHO","GRN","V-N","1618","","TRACE","VCOLD","4.1M","SUBJU","2","10","4.5","ICNANI","A4D","","","0","1","","","5"
"0610","A","SHEYOU","ZHO","GRN","IV-N","6487","","THIN","COOL","10M","MULTI","3-4","9","4.5","AG","F4V","M0D","","1","1","","","63"
"0703","A","INDO","IND","GRN","I","2521","","VTHIN","COLD","3M","MERIT","2","6","3","NANI","F6V","","","0","2","","","37"
"0704","A","NEREWHON","IND","GRN","I","6429","","VTHIN","COLD","80K","MULTI","2","7","2.5","NIRI","K5V","","","0","2","","","78"
"0705","A","CIPANGO","ZHO","GRN","V-N","7670","","DENSE","NORM","100M","SUBJU","2","10","5","RI","G2V","","","1","2","","","64"
"0710","A","STAVE","IND","GRN","I","6511","","STD","NORM","80M","DICTA","4","5","3","AGRI","M9V","M2D","","1","0","","","61"
"0805","A","NARVAL","ZCS","AMB","II","4537","","VTH-T","VCOLD","6M","BUREA","4","6","3.5","NANI","G4V","M6VI","","3","0","","","45"
"0807","A","PLAVEN","IND","GRN","I","7528","","THN-T","VARIA","9486","NONE","0","5","1.5","EONI","G8V","M7D","","0","1","","","48"
"0808","A","QUARE","IMP","AMB","IV-N","4575","","VTHIN","COLD","40M","ATHDE","0","9","4.5","NAPO","M2V","","","1","0","","","28"
"0810","A","FROND","IND","GRN","I","8844","","INSID","VCOLD","1K","NONE","0","9","2.5","FLEONI","F8V","","","3","0","","","39"
"HEX","SUB","WORLD","ALL","TAS","SP","DIA","G","ATM","CLIMATE","POP","GOV","CR","TL","WTN","TRADE","PRI","COM","COM","GG","PB","AU","MN","H%"
"0901","B","CONDOYLE","IND","AMB","I","7023","","STD","HOT","930K","REPDE","0","6","2.5","NANI","F8III","","","3","2","","","10"
"0902","B","PUPARKIN","IND","AMB","III","6650","","STD-T","VCOLD","5.3K","BUREA","0","9","2.5","EO0NI","K8V","M4D","","2","0","","","26"
"0904","B","CHWISTYOCH","ZHO","GRN","IV-N","7396","","STD","NORM","44.5M","MILIT","2","9","5","AGRI","M2V","","","4","2","","","57"
"0909","B","GOUGESTE","IND","AMB","III","2517","","STD-T","WARM","419K","OLIGA","0","9","3.5","NI","K2V","","","0","2","","","16"
"1004","B","ESALIN","IMP","GRN","III","4723","","STD","NORM","2M","DICTA","1","8","3.5","AGNI","F3V","M5D","","3","2","","","40"
"1005","B","RUBY","IMP","GRN","IV-S","4351","","NONE","COLD","21K","REPDE","2","9","3.5","NIVA","M1V","M3D","","1","0","","","0"
"1006","B","EMERALD","IMP","GRN","IV","7025","","STD","WARM","530K","OLIGA","2","9","4","AGNI","M1VI","","","4","3","","","61"
"1010","B","ZENOPIT","ARD","GRN","II","768","","VTHIN","WARM","635K","SUBJU","2","7","3","DENIPO","M8D","","","2","2","","","2"
"1102","B","RIVERLAND*","ZHO","AMB","III","4475","","STD","NORM","20M","BUREA","2","9","4.5","AGCPRI","M7III","","","4","1","","","49"
"1103","B","CLAN","ZHO","AMB","IV-N","6464","","STD-T","WARM","900K","BUREA","5","9","4","NI","M8V","","","1","0","","","15"
"1106","B","JEWELL*","IMP","GRN","V","6588","","STD-T","HOT","6.3B","BUREA","5","10","5.5","CPHIIN","G7V","","","3","2","","","66"
"1110","B","ZIRCON","ARD","GRN","III","7058","","DEN-T","COOL","6.378M","SUBJU","5","8","3.5","NI","F0V","","","4","2","","","22"
"1201","B","AO-DAI","ZHO","GRN","I","3729","","TRACE","FROZE","3.3M","REPDE","2","6","3","NANI","K2V","M3D","","2","1","","","0"
"1204","B","MONGO","IMP","GRN","V","3201","","STD","NORM","6.206M","BUREA","2","9","4.5","AGNIRI","M5III","M0D","","3","0","","","80"
"1209","B","UTOLAND","ARD","GRN","III","3928","","STD-T","NORM","4.3K","SUBJU","2","7","3","EONI","M0V","","","0","1","","","34"
"1210","B","PEQUAN","ARD","GRN","I","4868","","STD","NORM","7.653M","DICTA","5","5","2.5","AGNIRI","M5V","","","0","1","","","48N"
"1305","B","NAKEGE","IMP","AMB","II","5099","","DEN-T","WARM","5.6K","SUBJU","3","5","2","EONI","M6V","M0D","","1","0","","","10"
"1307","B","LYSEN","IMP","GRN","IV","4723","","DEN-T","VWARM","6.531M","TECHN","2","9","4","AGNI","M9V","","","3","2","","","15"
"1401","B","FOELON","ZHO","AMB","IV","6277","","VTHIN","VCOLD","9.476M","BUREA","2","8","4","AGNI","K0V","","","0","1","","","83"
"1402","B","FARREACH","ZHO","AMB","V","1865","","NONE","FROZE","40K","ANARC","0","9","3.5","NIVA","M3II","M0V","","5","1","","","0"
"1510","B","871-438","IMP","GRN","I","6961","","VTH-T","","0","NONE","0","8","NIL","BAEONIPO","M9V","M8D","","1","0","","","15"
"1604","B","LOUZY","IMP","GRN","II","3356","","VTH-T","FROZE","10B","BUREA","5","8","4.5","HIINPO","M5V","","","0","1","","","16"
"1607","B","GRANT","IMP","RED","0","6339","","STD","NORM","20","NONE","0","0","0","EONI","K6V","","","2","2","","","41"
"HEX","SUB","WORLD","ALL","TAS","SP","DIA","G","ATM","CLIMATE","POP","GOV","CR","TL","WTN","TRADE","PRI","COM","COM","GG","PB","AU","MN","H%"
"1705","C","EFATE","IMP","GRN","V-NW","6339","","THN-T","COLD","8.373B","MILIT","4","10","5.5","HIIN","K4V","","","0","1","","","60"
"1706","C","ALELL","IMP","GRN","IV","3791","","STD","NORM","400M","BUREA","6","9","5","-","M7V","M7D","","0","1","","","68"
"1802","C","YRES","IMP","AMB","IV","9820","","STD-T","NORM","1.843B","OLIGA","3","7","5","HIIN","G5V","","","5","3","","","61"
"1803","C","MENORB","IMP","GRN","III","5718","","THIN","COOL","3.747B","BUREA","6","7","4.5","HIPO","M5III","","","0","1","","","20"
"1805","C","UAKYE","IMP","GRN","IV","3667","","VTHIN","COLD","303K","BUREA","5","9","4","NI","M9V","","","0","2","","","90"
"1806","C","WHANGA","IMP","GRN","I","6215","","STD-T","WARM","20","ATHDE","3","7","1","EONI","A1V","M1D","","4","2","","","55"
"1807","C","KNORBES","IMP","GRN","I","7955","","DENSE","WARM","82M","BUREA","2","4","3","AGNI","D3V","","","4","3","","","81"
"1808","C","FORBOLDN","IMP","GRN","I","8080","","DENSE","HOT","3M","BUREA","3","5","2.5","NIRI","G0V","","","2","1","","","26"
"1809","C","RUIE","IMP","AMB","III","7457","","STD-T","NORM","7.763B","MULTI","2","7","4.5","HIIN","M5V","","","1","0","","","58"
"1810","C","JENGHE","IMP","GRN","III","6998","","DEN-T","WARM","3.463M","DICTA","1","9","4","NI","M0V","","","3","2","","","92"
"1903","C","PIXIE","IMP","GRN","V","590","","NONE","NONE","90","NONE","1","10","2.5","EONIVA","M1V","M0D","","1","0","","","0"
"1904","C","BOUGHENE","IMP","GRN","V","8328","","CORRO","COOL","630K","OLIGA","1","10","4","FLNI","M7V","","","1","0","","","30"
"1909","C","HEFRY","IMP","GRN","III-S","1740","","NONE","FROZE","32K","ATHDE","1","7","3","NIVA","K6II","M6D","","0","2","","","1"
"1910","C","REGINA*","IMP","GRN","V-NS","6526","","DENSE","WARM","734M","BUREA","5","10","5","CPRI","F5V","M8D","M6V","3","0","","","80"
"2005","C","FERI","IMP","AMB","IV","3045","","DENSE","NORM","600M","MULTI","2","9","5","RI","G4V","M3D","","0","2","","","36"
"2007","C","ROUP","IMP","AMB","III","6837","","STD-T","WARM","3.472B","DICTA","5","7","4.5","HIINWA","F9V","","","3","2","","","100"
"2106","C","PSCIAS","IMP","RED","0","3170","","THIN","COOL","50K","ATHDE","1","4","-0.5","NI","M5VI","","","1","0","","","46"
"2110","C","YORI","IMP","GRN","III","2797","","STD","HOT","70.8M","TECHN","2","9","4.5","DERI","F1V","","","3","1","","","0"
"2201","C","DENTUS","IMP","RED","III-S","8888","","STD-T","HOT","900K","MILIT","6","9","3.5","NI","M2V","","","0","2","","","86"
"2202","C","KINORB","IMP","GRN","V","6215","","STD","WARM","6.721M","TECHN","5","8","4","NIRI","M7V","","","2","2","","","34"
"2204","C","BECKS_WORLD","IMP","GRN","II","8390","","DENSE","NORM","70K","BUREA","6","5","2","NI","M0V","M2D","","1","0","","","26"
"2205","C","ENOPE","IMP","GRN","III","4251","","TRACE","VCOLD","6.376B","BUREA","5","6","4.5","HIICIN","M6V","M5D","","0","0","","","5"
"2207","C","WOCHIERS","IMP","GRN","I","9571","","INSID","HOT","740M","OLIGA","6","9","3.5","-","F0V","","","3","0","","","24"
"2303","C","YORBUND","IMP","GRN","III","6650","","CORRO","WARM","200K","NONE","1","7","3","FLNI","M8VI","","","0","2","","","60"
"2306","C","SHINOTHY","IMP","RED","0","AST","","NONE","NONE","70M","ATHDE","1","8","0.5","ASVA","M4V","","","4","1","","","0"
"2308","C","ALGINE","IMP","RED","0","6588","","STD","NORM","7.393B","MULTI","2","5","1","HI","M9VI","","","3","2","","","58"
"2309","C","YURST","IMP","GRN","I","7334","","DEN-T","WARM","8.442M","REPDE","1","5","2.5","AGNI","K9V","","","4","2","","","41"
"2402","C","HEYA","IMP","GRN","IV","5656","","DENSE","COOL","71M","REPDE","2","6","4","AGRI","K6III","M6D","","4","3","","","70"
"2405","C","KENG","IMP","GRN","I","1927","","STD-T","WARM","820M","OLIGA","6","5","3","-","G5III","M9D","","2","1","","","10"
"2406","C","MOUGHAS","IMP","GRN","III","10193","","THIN","NORM","860K","BUREA","5","9","3.5","NIVWA","M9V","M9D","","1","0","","","100"
"2408","C","RETHE","IMP","GRN","II","1927","","VTHIN","VARIA","31.882B","DICTA","5","6","4.5","DEHIIN","G7V","","","3","2","","","0"
"2410","C","INTHE","IMP","GRN","IV-NS","5035","","STD-T","NORM","72M","MULTI","2","9","4.5","AG","M2D","","","3","2","","","52"
"HEX","SUB","WORLD","ALL","TAS","SP","DIA","G","ATM","CLIMATE","POP","GOV","CR","TL","WTN","TRADE","PRI","COM","COM","GG","PB","AU","MN","H%"
"2509","D","PAYA","IMP","GRN","V","5979","","THIN","COLD","620","REPDE","1","9","3","EONI","F3V","","","3","0","","","52"
"2510","D","DHIAN","IMP","GRN","III","9049","","STD","TROPI","2.264M","BUREA","6","5","3","AGNI","M5V","","","2","0","","","68"
"2602","D","CORFU","IMP","AMB","I","8173","","DEN-T","NORM","2.427M","MULTI","2","5","2.5","AGNIRI","M0V","","","2","2","","","50"
"2607","D","FOCALINE","IMP","GRN","I","10124","","DENSE","COOL","712K","REPDE","2","9","3","AGNI","F3M","","","4","2","","","84"
"2701","D","LABLON","IMP","GRN","IV","5531","","THN-T","COOL","503K","BUREA","6","9","4","AGNI","M2III","M4D","","3","0","","","56"
"2706","D","HEGUZ","IMP","GRN","I","5792","","STD","NORM","500","ATHDE","2","10","2","EONIWA","M5V","M7D","","0","1","","","100"
"2708","D","VIOLANTE","IMP","GRN","III","6290","","STD","WARM","43K","TECHN","1","9","3","NI","M0V","","","0","2","","","93"
"2905","D","PAVANNE","IMP","GRN","I","2014","","TRACE","VCOLD","0","NONE","0","0","NIL","BAEONI","G2V","","","5","2","","","0"
"2906","D","CARSTEN","IMP","GRN","III","4164","","VTH-T","VCOLD","82K","NONE","1","9","3","NI","M8V","","","4","0","","","74"
"2908","D","ZILA","IMP","AMB","I","1927","","THIN","WARM","66M","ATHDE","5","7","3","AG","M6V","M3D","","1","0","","","61"
"3001","D","JESEDIPERE","IMP","GRN","III","7110","","STD-T","WARM","4.1K","ANARC","0","7","2.5","NI","","","","1","1","","","53"
"3002","D","YEBAB","IMP","GRN","III","932","","EXOTI","COLD","732B","BUREA","6","7","4.5","FL","M9V","","","2","1","","","41"
"3003","D","NASEMIN","IMP","GRN","IV-S","9074","","DENSE","NORM","60.3K","ATHDE","1","9","3.5","NIWA","K2V","","","2","1","","","100"
"3004","D","ZYKOCA","IMP","RED","I","9105","","DEN-T","HOT","340K","REPDE","1","6","2.5","AGNI","M9V","","","0","2","","","41"
"3005","D","ARAMANX","IMP","AMB","IV","6209","","THIN","NORM","1.58B","MULTI","1","6","5","HI","G0V","","","0","1","","","70"
"3008","D","PYSADI","IMP","GRN","III","3866","","STD-T","NORM","1.9M","THEOC","5","5","3","AGNIRI","K9V","M1D","","1","0","","","62"
"3010","D","L`OUEL_D`DIEU","IMP","GRN","IV","8798","","DENSE","WARM","523K","CORPO","O","9","4","NIWA","G1V","M9D","","2","0","","","99"
"3102","D","RUGBIRD","IMP","AMB","IV","10429","","INSID","VCOLD","8.384M","OLIGA","2","9","4","FLNI","M1V","","","1","1","","","53"
"3103","D","TOWERS","IMP","AMB","IV-S","4102","","THN-T","COOL","72K","REPDE","5","9","3.5","NI","A8III","K6D","","5","3","","","35"
"3104","D","FENETEMAN","IMP","GRN","III","1991","","VTH-T","VCOLD","930","NONE","0","10","2.5","EONIPO","G4V","M7D","","0","1","","","20"
"3107","D","LEWIS","IMP","GRN","II","3978","","VTH-T","","24K","MULTI","1","10","2.5","NI","F8V","","","1","0","","","71"
"3110","D","ARAMIS*","IMP","GRN","V","5904","","CORRO","HOT","620K","TECHN","4","9","4","CPNI","M9VI","","","0","1","","","0"
"3202","D","JUNIDY","IMP","AMB","IV","3866","","VTHIN","COOL","28B","DICTA","6","9","5.5","HINA","F7V","M9D","","0","1","","","38"
"3207","D","PATINIR","IMP","GRN","III","AST","","NONE","VCOLD","3.24M","CORPO","0","9","4","ASNANIVA","F3V","","","3","2","","","0"
"3209","D","NATOKO","IMP","GRN","IV","5196","","DENSE","WARM","806","CORPO","1","8","2.5","EONI","M2VI","M6D","","1","0","","","21"
"3210","D","REACHER","IMP","AMB","III","8987","","EXOTI","HOT","364K","REPDE","1","8","3","FLNI","G4D","","","3","3","","","76"
"HEX","SUB","WORLD","ALL","TAS","SP","DIA","G","ATM","CLIMATE","POP","GOV","CR","TL","WTN","TRADE","PRI","COM","COM","GG","PB","AU","MN","H%"
"0111","E","ATSON","IND","GRN","IV","3045","","TRACE","FROZE","900K","BUREA","4","8","3.5","NI","K8VI","","","3","3","","","0"
"0114","E","YIKTOR","IND","GRN","III","6259","","VTH-T","VHOT","10.7K","OLIGA","1","9","3","FLNI","G4V","M4D","","3","2","","","61"
"0115","E","XHOSA","IND","GRN","I","9820","","DEN-T","WARM","90","ATHDE","1","5","1","EONI","M0III","","","M2D","1","","","52"
"0212","E","PRINX","IND","GRN","III","3915","","VTHIN","COOL","7.35M","MILIT","2","6","3.5","NANI","A9V","K8VI","","0","2","","","60"
"0215","E","RUSHU","IND","GRN","I","6712","","STD","NORM","9.3M","DICTA","1","5","2.5","AGNI","A0IV","M6D","","3","0","","","45"
"0218","E","BAEL","IND","GRN","I","1523","","NONE","FROZE","80","ANARC","0","8","1","EONIVA","K2V","","","2","1","","","0"
"0311","E","MIZEN-FEL","IND","GRN","IV","4040","","STD","NORM","309K","BUREA","5","8","3.5","NIPO","F3V","","","3","2","","","20"
"0412","E","SANSIBAR","ZHO","GRN","IV-N","2051","","NONE","FROZE","7K","ZCOMP","1","9","3","EONIVA","M3V","M3D","","1","0","","","0"
"0414","E","ATTICA","IND","GRN","III","4040","","NONE","FROZE","802K","REPDE","4","8","3","NIVA","K1VI","M6D","","0","1","","","0"
"0416","E","RETINAE","ICS","GRN","I","8390","","DEN-T","VHOT","9M","DICTA","4","6","3","NI","M9V","","","0","1","","","55"
"0511","E","TERRA-NOVA","ZHO","GRN","III","6899","","DENSE","NORM","8800","REPDE","1","9","3","EONI","M7D","","","2","1","","","61"
"0512","E","ASMODEUS","ZHO","GRN","I","5469","","DEN-T","NORM","20K","FAMIL","0","5","2","NI","K8VI","","","5","0","","","60"
"0518","E","FAISAL","ICS","GRN","II","3605","","THN-T","HOT","82K","OLIGA","2","5","2","NI","K9V","M7D","","0","1","","","47"
"0613","E","LEBEAU","ZHO","GRN","IV","8017","","STD","MILD","900K","TECHN","2","10","4","NIWA","G8V","M5D","","1","0","","","94"
"0614","E","QUERION*","ZHO","GRN","IV","2113","","THIN","COOL","82.3M","BUREA","4","9","4.5","AGCP","M6V","","","4","0","","","40"
"0618","E","DEKALB","ICS","GRN","I","9695","","DENSE","WARM","30.4M","BUREA","4","6","3","RIWA","M1V","","","0","2","","","100"
"0620","E","WINSTON","DAR","GRN","I","7644","","DENSE","NORM","528K","MILIT","1","6","2.5","AGNI","K5V","M9D","","1","0","","","68"
"0712","E","RAPPS_WORLD","ZHO","GRN","III","5096","","DEN-T","WARM","4345","ATHDE","2","8","2.5","EONI","M5V","M8VI","","2","0","","","15"
"0717","E","THANBER","ICS","GRN","IV","1492","","THN-T","COLD","2M","TECHN","2","10","4","NIPO","M9V","M1D","","0","1","","","34"
"0720","E","ENTROPE","DAR","GRN","II","2987","","VTHIN","FROZE","11.26B","DICTA","6","10","4.5","HI","G6V","M1D","","0","1","","","61"
"0820","E","ANSELHOME","DAR","GRN","III","609","","TRACE","VCOLD","602K","BUREA","4","8","3","-","M6VI","M0D","","1","0","","","0"
"HEX","SUB","WORLD","ALL","TAS","SP","DIA","G","ATM","CLIMATE","POP","GOV","CR","TL","WTN","TRADE","PRI","COM","COM","GG","PB","AU","MN","H%"
"0911","F","CALORAN","IND","GRN","II","7380","","DEN-T","NORM","53M","REPDE","2","6","3.5","AG","G2V","M4D","","0","1","","","62"
"0912","F","899-076","IND","GRN","I","1717","","TRACE","COLD","5.24K","NONE","0","8","2","EONI","F7V","","","0","2","","","0"
"0915","F","QUARE","ARD","GRN","IV","1992","","NONE","HOT","22.5K","REPDE","2","9","3.5","NIVA","M3V","","","4","0","","","0"
"0919","F","ZETA-2","IND","RED","0","5646","","CORRO","HOT","0","NONE","0","0","NIL","BAFLEONI","M4V","","","0","2","","","60"
"1011","F","ARDEN","ARD","GRN","III","5194","","THIN","WARM","823M","OLIGA","5","9","4.5","CPRI","M4V","M5D","","0","1","","","40"
"1018","F","CHOLEOSTI","IMP","GRN","III","1828","","NONE","NORM","13","NONE","0","9","2","EONIVA","M9V","M4D","","1","0","","","0"
"1020","F","MARGESI","IMP","AMB","III","4525","","STD-T","NORM","967M","ATHDE","5","6","4.5","-","M4V","M7D","","0","1","","","50"
"1116","F","FRENZIE*","IMP","GRN","V-N","3431","","NONE","VCOLD","53K","BUREA","3","9","4","CPNIVA","M2III","M3D","","0","1","","","0"
"1118","F","GARDA_VILIS","IMP","AMB","IV","5572","","STD-T","NORM","923M","ANARC","1","10","5","RI","M3V","","","2","1","","","80"
"1119","F","VILIS","IMP","GRN","V","5007","","DEN-T","COOL","832M","OLIGA","1","9","5","-","G5V","M8D","","0","2","","","33"
"1212","F","DIGITIS","ARD","GRN","I","4703","","VTHIN","TROPI","9.78M","BUREA","6","6","3","NANI","M6III","","","0","2","","","58"
"1213","F","EDININA","ARD","AMB","I","4098","","NONE","NORM","438","ATHDE","0","6","1.5","EONIVA","K6V","M0D","","1","0","","","0"
"1214","F","728-907","IMP","GRN","II","9421","","THIN","NORM","6","MILIT","0","12","2","EONI","F1V","M4D","","0","1","","","47"
"1216","F","STELLATIO","IMP","GRN","II","4655","","EXOTI","TROPI","50K","ATHDE","0","5","2","NI","M9III","","","0","1","","","37"
"1217","F","ARKADIA","IMP","GRN","I","3940","","THN-T","NORM","421M","REPDE","3","6","3.5","AG","M8V","","","2","0","","","63"
"1311","F","TREMOUS_DEX","ARD","GRN","IV-M","4878","","TRACE","COLD","31K","MILIT","1","10","3.5","ICNI","K8V","M5D","","1","0","","","14"
"1315","F","MIRRIAM","IMP","GRN","I-N","4014","","STD-T","NORM","1298","TRIBE","0","8","2","EONI","F5V","","","0","1","","","24"
"1320","F","SAURUS","IMP","GRN","II","8553","","DENSE","NORM","83K","BUREA","5","7","2.5","NI","A8V","M1VI","","0","2","","","82"
"1411","F","RANGENT","IND","GRN","III","6360","","STD-T","TROPI","7.341M","BUREA","1","7","3.5","NIWA","M8V","","","3","0","","","100"
"1413","F","DENOTAM","IMP","GRN","IV","6850","","VTHIN","NORM","37K","MILIT","1","9","3.5","NI","M2V","","","4","2","","","85"
"1417","F","FICANT","IMP","GRN","I","5222","","STD","COOL","9.25K","T","1","6","2","EONI","M0V","M1D","","0","1","","","69"
"1511","F","TIONALE","IND","AMB","III","6050","","STD-T","COOL","2.2K","ATHDE","1","8","2.5","EONI","M9V","M5D","","0","1","","","43"
"1515","F","CALIT","IMP","GRN","III","3464","","VTHIN","VH","573M","MILIT","4","7","","","K9V","M5D","","","","","","42"
"1519","F","ASGARD","IMP","RED","0","2956","","THN-T","WARM","51M","OLIGA","6","5","0.5","NAPO","F5II","M1D","","0","2","","","30"
"1520","F","TAVONNI","IMP","GRN","I","5057","","STD","COOL","0","NONE","0","0","NIL","BAEONI","G6II","","","4","3","","","58"
"1611","F","PHLUME","IMP","GRN","III","7874","","DENSE","NORM","7.22M","ATHDE","1","8","3.5","AGNI","G5V","M8D","","0","1","","","71"
"HEX","SUB","WORLD","ALL","TAS","SP","DIA","G","ATM","CLIMATE","POP","GOV","CR","TL","WTN","TRADE","PRI","COM","COM","GG","PB","AU","MN","H%"
"1711","G","EXTOLAY","IMP","GRN","IV-N","4066","","THIN","NORM","123M","BUREA","5","9","5","-","M2V","M4D","","0","1","","","47"
"1719","G","LANTH*","IMP","GRN","V-NS","7874","","STD-T","NORM","770K","OLIGA","1","9","4.5","CPNI","F5IV","M9D","","0","1","","","86"
"1811","G","DINOM","IMP","AMB","II","1061","","NONE","VARIA","241K","REPDE","1","9","3.5","NIVA","A4III","","","1","0","","","0"
"1815","G","GHANDI","IMP","GRN","IV-N","1928","","TRACE","ICY","42K","TECHN","2","6","3","ICNI","F8V","M3D","","3","0","","","6"
"1817","G","VICTORIA","IMP","RED","0","5610","","DEN-T","NORM","12M","MULTI","0","5","0.5","-","M6V","","","2","1","","","72"
"1912","G","DINOMN","IMP","GRN","IV-S","6042","","STD-T","NORM","2.431M","OLIGA","1","5","3.5","AGNI","M8VI","","","4","0","","","39"
"1916","G","YYLAVEN","IMP","RED","0","5106","","DENSE","VCOLD","532K","TECHN","1","5","0","AGNI","F9V","","","2","2","","","68"
"1918","G","SONTHERT","IMP","RED","0","5989","","VTH-T","NORM","4.3M","DICTA","6","5","0","NANI","K6V","M0D","","4","1","","","63"
"1920","G","DGANZIO","IMP","GRN","IV-N","532","","VTH-T","NORM","38K","CORPO","0","10","3.5","NIPO","M3V","M0D","","2","1","","","12"
"2011","G","WYPOC","IMP","AMB","I","9397","","CORRO","NORM","936K","REPDE","3","10","3","FLNI","M3V","","","2","2","","","41"
"2111","G","DJINNI","IMP","RED","I","4116","","THIN","NORM","0","NONE","0","0","NIL","BAEONI","K5V","","","2","2","","","91"
"2112","G","RECH","IMP","GRN","II","8690","","DEN-T","NORM","51M","DICTA","6","6","3.5","AG","M0V","","","1","0","","","52"
"2212","G","KKIRKA","IMP","GRN","III","11774","","EXOTI","TROPI","1.2K","REPDE","2","8","2.5","EONI","M8V","","","2","0","","","47"
"2215","G","QUOPIST","IMP","AMB","IV","1176","","THIN","WARM","7.5M","TRIBE","5","9","4","NAPO","M3V","","","1","2","","","12"
"2311","G","TREECE","IMP","GRN","II","2214","","VTHIN","NORM","670M","MILIT","2","8","3","NAPO","M1V","","","0","1","","","23"
"2313","G","ECHISTE","IMP","GRN","III","4909","","VTHIN","NORM","7K","CORPO","2","9","3","EONIWA","G4V","","","0","2","","","98"
"2314","G","PIREMA","IMP","GRN","II","6126","","DEN-T","HOT","84","REPDE","1","6","1.5","EONI","M4V","","","0","2","","","9"
"2317","G","RHISE","IMP","AMB","III","1201","","NONE","NORM","762K","MULTI","2","9","3.5","NIVA","M7V","","","0","1","","","0"
"2319","G","IVENDO","IMP","GRN","IV-NS","2865","","THN-T","NORM","1.1M","TECHN","6","9","4","AGNI","A9V","","","2","1","","","41"
"2411","G","KEANOU","IMP","GRN","III-S","7242","","DEN-T","COOL","2.34K","REPDE","5","7","2.5","DEEONIPO","M3III","M2D","","3","1","","","1"
"2414","G","TUREDED","IMP","AMB","IV","5980","","STD","NORM","689K","REPDE","5","7","4","AGNI","M3V","","","4","1","","","52"
"2415","G","VREIBEFGER","IMP","GRN","I-NS","4195","","DENSE","FROZE","933K","REPDE","1","5","2.5","NI","M9V","","","1","0","","","10"
"2416","G","LA`BELLE","IMP","GRN","III","5238","","STD","VCOLD","72","CORPO","1","5","1.5","NI","F2V","M3D","","1","0","","","39"
"2417","G","EQUUS","IMP","GRN","IV-S","5393","","THIN","NORM","260M","TECHN","2","8","4.5","WA","F6V","M5D","","2","0","","","97"
"2418","G","ICETINA","IMP","AMB","IV-N","4867","","VTH-T","NORM","345K","DICTA","5","7","3.5","NI","M9V","M8D","","1","0","","","44`"
"2419","G","COGRI","IMP","GRN","III","9835","","STD","FROZE","5.62M","REPDE","1","9","4","NIWA","M1II","","","2","3","","","99"
"2420","G","SKULL","IMP","GRN","III-N","2147","","VTHIN","NORM","6.3M","CORPO","6","9","4","NANIPO","M1V","M0VI","","1","0","","","27"
"HEX","SUB","WORLD","ALL","TAS","SP","DIA","G","ATM","CLIMATE","POP","GOV","CR","TL","WTN","TRADE","PRI","COM","COM","GG","PB","AU","MN","H%"
"2512","H","KINORB","IMP","GRN","III","4108","","THN-T","COLD","50K","OLIGA","2","9","3","NI","A0V","K9D","","2","0","","","92"
"2514","H","GILEDEN","IMP","GRN","III","3872","","DENSE","NORM","23","NONE","1","6","1.5","EONI","M9V","","","3","0","","","31"
"2519","H","PANNET","IMP","GRN","I","9316","","INSID","COLD","2M","MULTI","4","7","3","FLNI","K5V","","","4","2","","","54"
"2520","H","GARRINCSKI","IMP","GRN","IV-S","6209","","VTHIN","CHILL","400K","ATHDE","0","7","3.5","NIPO","M0V","M7D","","0","1","","","23"
"2612","H","MACENE","IMP","GRN","IV-N","AST","","NONE","NONE","9.4K","MILIT","4","10","3","ASEONIVA","G8V","M8D","","1","1","","","0"
"2613","H","FULACIN","IMP","GRN","V","5981","","STD-T","","2.3K","CORPO","1","9","3.5","NI","G3V","","","0","1","","","42"
"2620","H","NATOKO","IMP","GRN","III","8235","","DENSE","COLD","2B","DICTA","4","9","5","HI","F4V","","","0","1","","","68"
"2712","H","RISEK","IMP","GRN","V","3033","","VTHIN","TROPI","42K","MULTI","4","9","3.5.","NI","M5V","M3D","","1","0","","","49"
"2715","H","POROZLO","IMP","GRN","V","7085","","STD","NORM","21.46B","MULTI","4","9","6","HI","M1V","M9D","","1","0","","","74"
"2716","H","RHYLANOR*","IMP","GRN","V-NS","3978","","VTHIN","NORM","8.304B","OLIGA","3","12","6","CPHINA","M2VI","","","1","0","","","40"
"2720","H","LONESEDA","IMP","GRN","III","8042","","STD","NORM","700","BUREA","2","7","2","EONIWA","FM9V","","","5","0","","","100"
"2811","H","VALHALLA","IMP","GRN","I","2629","","STD","CHILL","40K","OLIGA","1","6","2.5","NI","G4IV","","","2","2","","","52"
"2812","H","ZIVIJE","IMP","GRN","III","5836","","CORRO","WARM","4.67B","BUREA","6","9","5","FLHIIN","G6V","","","1","2","","","12"
"2814","H","JAE_TELLONA","IMP","GRN","V-N","5040","","STD","NORM","260K","MILIT","2","8","4","DENIRI","F9IV","","","1","3","","","0"
"2818","H","GEROME","IMP","RED","0","5469","","STD-T","NORM","0","NONE","0","0","NIL","BAEONI","K2V","","","1","0","","","33"
"2912","H","HENOZ","IMP","GRN","V","2026","","THIN","NORM","60.9","REPDE","1","9","3.5","NI","F3D","","","4","2","","","54"
"2913","H","CELEPINA","IMP","GRN","IV","5139","","THN-T","HOT","32K","OLIGA","1","8","3","NI","M2VI","","","1","0","","","40"
"2918","H","GITOSY","IMP","GRN","IV","AST","","NONE","NONE","3.3M","MULTI","4","9","4","ASNANIVA","G6V","M3D","","0","2","","","3"
"3015","H","BELIZO","IMP","GRN","IV","7694","","DEN-T","WARM","4.27M","REPDE","1","6","4","AGNI","G1V","","","3","2","","","51"
"3016","H","KEGENA","IMP","GRN","I","7334","","STD","ICY","42K","SUBJU","0","5","2","NI","F6V","","","4","2","","","92"
"3017","H","HERONI","IMP","GRN","I","6868","","EXOTI","NORM","3.3M","CORPO","3","6","3","DENI","G5V","","","0","2","","","0"
"3019","H","457-973","IMP","RED","0","2623","","STD-T","","200","CORPO","4","5","1","EONI","G9V","","","4","3","","","42"
"3020","H","SOMEM","IMP","GRN","III","2909","","NONE","NORM","7K","REPDE","0","10","3","ICEONIVA","M6V","M7VI","","1","0","","","7"
"3111","H","VINORIAN","IMP","GRN","IV","7666","","STD-T","NORM","4.328M","CORPO","0","9","4","NI","M3V","M4D","","0","1","","","91"
"3112","H","NUTEMA","IMP","GRN","IV-N","7644","","THN-T","TROPI","9K","ATHDE","0","8","2.5","EONI","M3V","","","2","2","","","61"
"3114","H","HUDERU","IMP","RED","0","5037","","STD-T","NORM","0","NONE","0","0","NIL","BAEONI","M0III","","","0","2","","","53"
"3118","H","CAPATWE","IMP","GRN","IV","2965","","THIN","VHOT","8.456B","BUREA","5","6","5","HI","M1V","","","3","2","","","82"
"3119","H","VANEJEN","IMP","GRN","III","5539","","STD","COOL","552M","TECHN","2","5","4","AGRI","K1V","M0D","","0","2","","","62"
"3212","H","MARGESI","IMP","GRN","V-NS","5245","","STD-T","COOL","300","TECHN","4","10","3","EONI","F0V","","","0","2","","","58"
"3216","H","BEVEY","IMP","GRN","II-S","3979","","VTH-T","COOL","5.3B","OLIGA","6","8","4","DEHIINPO","F4V","","","4","2","","","0"
"3218","H","TACAXEB","IMP","GRN","III","1883","","VTHIN","COOL","63K","CORPO","1","9","3","DENIPO","M6V","M2D","","1","0","","","0"
"3220","H","POWAZA","IMP","GRN","III","6619","","DENSE","COOL","70K","GOV","2","6","3","NI","A5V","K4D","","2","3","","","773"
"HEX","SUB","WORLD","ALL","TAS","SP","DIA","G","ATM","CLIMATE","POP","GOV","CR","TL","WTN","TRADE","PRI","COM","COM","GG","PB","AU","MN","H%"
"0122","I","JUNCTION","IND","GRN","II","1200","","THIN","NORM","23K","REPDE","1","5","2.5","DENIPO","M3V","M2D","","0","1","","","1"
"0129","I","UNIQUA","GAR","GRN","I","5718","","VTH-T","NORM","210K","MILIT","5","5","2.5","NI","K9V","M9D","","0","1","","","51"
"0130","I","GAROO","GAR","GRN","V","1802","","NONE","FROZE","200M","OLIGA","5","9","5","NAVA","M1V","M5D","","0","1","","","0"
"0223","I","STERN-STERN","DAR","GRN","IV","2985","","VTH-T","VARIA","700","BUREA","4","9","3.5","NIPO","M0V","M3D","","1","0","","","6"
"0230","I","886-945","GAR","GRN","II","7831","","VTHIN","VARIA","10","MILIT","2","5","0.5","EONIPO","F8V","","","4","0","","","26"
"0321","I","NONYM","DAR","GRN","III","1330","","VTHIN","WARM","620M","BUREA","4","9","4.5","NAPO","G0V","","","3","2","","","32"
"0325","I","LABERV","DAR","GRN","IV-M","2766","","THIN","WARM","73.4K","REPDE","1","7","3","NI","F0V","","","4","3","","","44"
"0326","I","EKTRON","DAR","GRN","III","3122","","VTHIN","COOL","4.3M","TECHN","1","9","4","NANIPO","M5V","","","3","2","","","15"
"0421","I","ZAMINE","DAR","GRN","I","8098","","DEN-T","HOT","2.2B","MULTI","4","9","4","HIIN","M9V","","","3","2","","","70"
"0425","I","ENGRANGE","DAR","GRN","III","4537","","THIN","NORM","70M","REPDE","4","8","4","AG","M1V","M3D","","1","0","","","36"
"0426","I","ILIUM","DAR","GRN","IV-M`","3555","","THN-T","NORM","452M","OLIGA","1","9","5","-","G3V","M8D","","1","0","","","36"
"0427","I","ROGET","DAR","GRN","IV","4537","","STD","NORM","40M","MULTI","3","9","4.5","AGRI","K8VI","M9D","","0","2","","","56"
"0429","I","KARDIN","IND","AMB","I","4351","","THIN","COOL","40","ATHDE","2","6","1","EOPONI","F7V","","","0","1","","","26"
"0430","I","BULARIA","ICS","GRN","III","6837","","STD-T","NORM","3.67M","ATHDE","1","6","3.5","AGNI","M5V","M3D","","0","1","","","38"
"0526","I","RORRE","DAR","GRN","II","6588","","STD","WARM","1.224M","TECHN","2","5","3","AGNIRI","F4V","M7D","","3","0","","","50"
"0527","I","MIRE*","DAR","GRN","V-M","6103","","STD","NORM","10.3B","BUREA","2","9","6","HICP","M6V","","","0","1","","","51"
"0528","I","CONDARIA","DAR","GRN","I","4736","","THN-T","COOL","92M","BUREA","6","6","3","AG","M3V","M0D","","1","0","","","71"
"0530","I","DORIANNA","DAR","GRN","I","3569","","VTH-T","COLD","502K","BUREA","6","8","2.5","NIPO","K4V","","","0","1","","","5"
"0622","I","TERANT 340","DAR","GRN","II","1305","","THN-T","NORM","520K","DICTA","2","9","3.5","DENIPO","G0V","M5D","","3","2","","","1"
"0624","I","JACENT","DAR","GRN","V","3238","","VTHIN","COOL","7.235M","REPDE","2","10","4.5","PONI","M6V","","","0","1","","","30"
"0625","I","494-908","DAR","RED","0","8328","","DEN-T","WARM","0","0","0","0","NIL","BA","M1V","","","0","1","","","26"
"0627","I","DARRIAN","DAR","GRN","V","4288","","STD","WARM","2.1M","TECHN","2","13","4.5","NI","G1V","M1D","","5","2","","","33"
"0721","I","TORMENT","DAR","RED","0","1504","","VTHIN","COLD","800","DICTA","1","5","1","EONIPO","G1V","","","0","2","","","32"
"0723","I","TRIFUGE","DAR","GRN","III","4245","","THN-T","WARM","220K","CORPO","2","9","3.5","AGNI","M5II","","","0","1","","","60"
"0724","I","NOSEA","DAR","GRN","IV","2071","","VTHIN","COLD","6.1M","DICTA","6","10","4","NANIPO","G0IV","","","0","2","","","20"
"0727","I","SPUME","DAR","GRN","III-M","513","","VTH-T","COOL","<100","FAMIL","0","9","2","DEEONI","M7V","","","4","3","","","0"
"0729","I","ATOR","IND","GRN","II","3182","","VTH-T","VCOLD","830","OLIGA","5","6","2","EONI","F7V","M7D","","1","2","","","60"
"0822","I","CUNNONIC","DAR","GRN","I","5699","","THIN","NORM","5.2M","ATHDE","6","5","2.5","AGNI","M0V","","","2","0","","","72"
"0830","I","DEBARRE","ICS","AMB","IV","","","THIN","COOL","80","ATHDE","1","9","2.5","EONI","M2V","","","2","2","","","39"
"HEX","SUB","WORLD","ALL","TAS","SP","DIA","G","ATM","CLIMATE","POP","GOV","CR","TL","WTN","TRADE","PRI","COM","COM","GG","PB","AU","MN","H%"
"0921","J","HRUNTING","SWD","GRN","IV-M","4165","","STD","NORM","32M","REPDE","3","9","4.5","RI","M2V","","","3","1","","","30"
"0922","J","TIZON","SWD","GRN","IV-M","3002","","DENSE","COLD","372M","BUREA","3","9","5","RI","K2IV","M3D","","3","2","","","61"
"0927","J","NARSIL","SWD","GRN","IV-M","4779","","STD-T","NORM","27B","TECHN","5","9","5.5","NIIN","M0III","M6D","","4","2","","","38"
"0930","J","FLAMMARION","IMP","GRN","V-NW","5878","","VTHIN","COOL","77K","SUBJU","2","9","4.5","NIPO","F8V","","","0","1","","","29"
"1022","J","COLADA","SWD","AMB","IV-M","3232","","STD","NORM","2.372M","BUREA","2","9","4.5","AGNIRI","K2V","M8D","","1","1","","","40"
"1026","J","ANDURIL","SWD","AMB","V-M","9467","","DENSE","NORM","222M","TECHN","2","9","5.5","RI","F2V","","","2","2","","","49"
"1121","J","MJOLNIR","SWD","GRN","IV-M","4948","","VTHIN","TROPI","52K","REPDE","2","9","3.5","DENIPO","A5V","G0D","","2","2","","","0"
"1123","J","JOYEUSE","SWD","AMB","IV-M","4009","","STD","COOL","41M","BUREA","5","9","4.5","AGRI","M3V","M9D","","1","0","","","44"
"1126","J","ORCRIST","SWD","GRN","IV-M","7958","","EXOTI","NORM","42M","OLIGA","2","9","4.5","FL","M7V","M7D","","1","0","","","62"
"1130","J","ENOS","IMP","GRN","I","1961","","THIN","VHOT","75K","BUREA","6","5","2","DENIPO","M9V","","","0","1","","","0"
"1221","J","GUNGNIR","SWD","GRN","IV-M","3943","","THN-T","NORM","47M","MULTI","2","8","4","AG","G3IV","M4VI","","2","3","","","40"
"1223","J","GRAM*","SWD","GRN","V-M","7935","","DEN-T","NORM","6.839B","TECHN","5","9","5.5","CPHIIN","F2D","M2D","","3","0","","","55"
"1225","J","EXCALIBUR","BOR","GRN","IV","3022","","VTH-T","COOL","47M","DICTA","2","9","4.5","-","M5V","","","2","0","","","36"
"1324","J","TYRFING","BOR","GRN","IV","6104","","VTHIN","NORM","77M","OLIGA","2","9","4.5","","M4V","","","1","0","","","72"
"1325","J","SACNOTH","BOR","GRN","IV","7172","","STD-T","NORM","9.238B","TECHN","2","10","5.5","HIINPO","F9V","M8D","","1","0","","","50"
"1329","J","CALADBOLG","IMP","GRN","IV-S","2985","","STD","COLD","99M","MULTI","2","9","4.5","AGRI","F7V","M0D","M4D","0","1","","","49"
"1424","J","BEATER*","BOR","GRN","IV-N","5927","","DENSE","TROPI","6.2M","BUREA","2","9","4","AGCPNIRI","M4V","","","0","1","","","52"
"1429","J","GUNN","IMP","AMB","I","3080","","THN-T","WARM","68","CORPO","0","8","1","EONI","M6V","","","2","0","","","37"
"1430","J","CALIBURN","IMP","GRN","I","AST","","NONE","NORM","94K","SUBJU","2","9","2.5","ASNI","M7VI","","","4","2","","","0"
"1522","J","DYRNWYN","SWD","GRN","IV","9585","","THIN","ICY","22K","SUBJU","1","9","3.5","NI","M4V","M8D","","1","0","","","76"
"1523","J","DURENDAL","SWD","GRN","IV","5746","","DENSE","NORM","7.2K","OLIGA","2","9","3","EONI","M1V","","","4","1","","","74"
"1524","J","HOFUD","BOR","GRN","IV","6084","","STD","NORM","58K","TECHN","1","9","3.5","NI","M4V","M9D","","1","0","","","62"
"1525","J","STING","ICS","GRN","IV","6106","","THN-T","NORM","75M","BUREA","3","9","","","M0V","","","","","","","52"
"1526","J","BITER","IMP","GRN","IV","2757","","THIN","NORM","230K","ATHDE","1","9","4","AG","M7V","M1D","","1","0","","","41"
"1529","J","STEEL","IMP","GRN","I","6118","","THIN","HOT","4.3K","SUBJU","1","8","2","EONI","M8III","","","4","2","","","47"
"1626","J","IRON","IMP","GRN","I","4973","","VTH-T","HOT","0","NONE","0","0","0.5","EONI","F0V","","","4","1","","","95"
"1627","J","BRONZE","IMP","GRN","I","1894","","NONE","FROZE","0","NONE","0","0","0.5","EONI","M3V","","","0","1","","","11"
"1628","J","MITHRIL","IMP","GRN","I","5025","","STD","COLD","0","NONE","0","0","0.5","EONI","F4D","","","1","0","","","83"
"HEX","SUB","WORLD","ALL","TAS","SP","DIA","G","ATM","CLIMATE","POP","GOV","CR","TL","WTN","TRADE","PRI","COM","COM","GG","PB","AU","MN","H%"
"1721","K","ARBA","IMP","GRN","III","2039","","NONE","WARM","550","NONE","0","9","3.5","EONIVA","K2V","","","0","1","","","0"
"1727","K","WARDN","IND","GRN","IV-S","6774","","THIN","WARM","76K","BUREA","2","10","4","NI","M2V","","","2","0","","","62"
"1728","K","OLYMPIA","IMP","GRN","III","3002","","VTH-T","NORM","1.4K","REPDE","1","7","3","EONI","M6V","","","0","2","","","82"
"1729","K","SMOUG","IMP","GRN","III","1032","","THN-T","NORM","40.5M","BUREA","5","8","4","DEPO","M1V","M7D","","2","0","","","0"
"1822","K","RABWHAR","IMP","GRN","II-S","5208","","THN-T","TROPI","340M","DICTA","4","7","3.5","-","M5D","","","3","1","","","43"
"1824","K","ADABICCI","IMP","GRN","V-N","4929","","STD-T","VCOLD","858M","BUREA","4","9","5.5","-","K8V","M8D","","1","0","","","9"
"1825","K","ZAIBON","IMP","GRN","IV","AST","","NONE","NONE","550K","REPDE","1","10","4.5","ASNI","G5III","","","2","1","","","0"
"1826","K","TENALPHA","IMP","GRN","V","7004","","STD-T","TROPI","48","NONE","0","4","2","EONI","F7V","","","0","1","","","73"
"1924","K","LANIC","IMP","GRN","I","2722","","STD","COOL","6.07M","BUREA","5","6","3","DENIRI","M6II","M9D","","4","2","","","0"
"1927","K","SPIRELLE","IMP","GRN","III-S","7228","","STD","WARM","723M","REPDE","4","7","4.5","RI","M7V","","","5","1","","","60"
"2024","K","DERCHON","IMP","GRN","III-S","5127","","TRACE","VCOLD","95M","REPDE","5","7","","ICNA--","M0V","M7D","","","","","","23"
"2124","K","LUNION*","IMP","GRN","V-N","8950","","DEN-T","COLD","8.056M","BUREA","2","10","6","CPHIIN","M3D","M7D","","0","1","","","91"
"2125","K","SHIRENE","IMP","AMB","IV","8633","","DENSE","CHILL","703K","CORPO","0","10","4.5","AGNI","G4V","M1D","M1D","3","2","","","42"
"2128","K","PENKWHAR","IMP","RED","0","9187","","STD-T","TROPI","3K","TRIBE","0","4","1.5","EONI","M0V","","","0","2","","","79"
"2129","K","HARVOSETTE","IMP","GRN","III","3188","","VTHIN","","630M","REPDE","5","9","4.5","DENAPO","M7D","M5D","","0","1","","","0"
"2224","K","CARSE","IMP","GRN","III","4009","","STD","NORM","6.4K","ATHDE","4","9","3.5","EONI","M8V","M6D","","1","0","","","34"
"2228","K","PERSEPHONE","IMP","GRN","IV-S","7110","","STD-T","CHILL","940M","OLIGA","1","9","5","","M2V","","","2","2","","","54"
"2321","K","QUIRU","IMP","GRN","IV","3045","","STD","COLD","3.2K","NONE","0","8","3.5","EONI","M6V","","","3","2","","","53"
"2322","K","GORRAM","IMP","RED","0","5345","","THIN","CHILL","840","ATHDE","0","2","0.5","EONI","M8V","M6VI","","1","0","","","40"
"2323","K","RESTEN","IMP","GRN","IV-S","3014","","TRACE","COLD","50","NONE","0","9","3","DEEONIPO","M5V","M8D","","1","0","","","0"
"2324","K","CAPON","IMP","GRN","IV-N","7253","","THN-T","COLD","60.56M","REPDE","4","9","5","AG","M9D","","","0","1","","","67"
"2325","K","SHARRIP","IMP","GRN","III","5158","","THN-T","CHILL","50","NONE","1","9","3","EONI","K5V","","","3","0","","","53"
"2327","K","STROUDEN","IMP","GRN","V-N","7452","","THN-T","NORM","9.048B","BUREA","5","12","6","HIIN","M5V","M4D","","0","2","","","48"
"2425","K","GANDR","IMP","GRN","I","AST","","NONE","NONE","4.3K","REPDE","5","8","2","EONIVA","M7V","","","3","1","","","0"
"2426","K","DROLRAW","IMP","GRN","I","10503","","CORRO","NORM","900","CORPO","1","6","2","FLEONI","F1V","","","4","0","","","63"
"HEX","SUB","WORLD","ALL","TAS","SP","DIA","G","ATM","CLIMATE","POP","GOV","CR","TL","WTN","TRADE","PRI","COM","COM","GG","PB","AU","MN","H%"
"2521","L","HERONI","IMP","GRN","IV","6096","","THN-T","NORM","8.23B","OLIGA","4","8","5","HIIN","F3V","","","1","2","","","41"
"2523","L","BYRET","IMP","GRN","IV","3872","","DENSE","NORM","8M","BUREA","4","6","4","AGNIRI","M9V","","","2","1","","","53"
"2527","L","PIMANE","IMP","GRN","I","5134","","NONE","VHOT","3K","REPDE","1","5","1.5","EONIVA","K0V","","","3","0","","","0"
"2621","L","FOSEY","IMP","GRN","V","6004","","VTHIN","NORM","2.4M","TECHN","2","9","4.5","NANIPO","M3V","","","0","2","","","30"
"2624","L","MERCURY","IMP","GRN","IV-NS","6053","","THIN","COOL","8M","MILIT","1","8","4","AGNI","F7V","","","4","0","","","81"
"2627","L","TIVID","IMP","GRN","III","5027","","VTHIN","COLD","80K","MULTI","1","8","3","NI","M3V","","","1","0","","","37"
"2726","L","CAREY","IMP","GRN","III","5221","","STD-T","WARM","100","ATHDE","1","9","2.5","EONI","M7V","M2D","","0","1","","","92"
"2728","L","DUALE","IMP","GRN","V","5221","","THN-T","NORM","62M","OLIGA","6","9","5","PO","M2V","M07","","1","0","","","29"
"2824","L","CATUZ","IMP","GRN","III","2026","","VTH-T","VHOT","30K","BUREA","6","9","3","DENIPO","G9V","M2D","","0","1","","","0"
"2827","L","MELETO","IMP","GRN","III-S","3882","","STD","WARM","40","NONE","0","5","1.5","EONI","F9V","","","4","2","","","54"
"2828","L","HEXOS","IMP","GRN","IV-N","4906","","VTHIN","ICY","60K","ATHDE","1","8","3","NI","K1V","M2D","","3","2","","","41"
"2830","L","PADASE","IMP","GRN","III-S","3915","","TRACE","COLD","1.1K","REPDE","2","5","2.5","ICEONI","M6V","M7D","","1","0","","","51"
"2924","L","MORAN","IMP","GRN","III-N","3039","","STD","NORM","9K","NONE","0","8","3","EONI","M4V","M7D","","1","0","","","72"
"2927","L","MAITZ","IMP","GRN","V","1896","","NONE","COLD","400K","CORPO","1","10","4","IVNIVA","F1V","","","2","2","","","8"
"2930","L","MAINZ","IMP","GRN","III","5183","","THIN","COLD","9","TECHN","1","9","3","EONIPO","K2V","M7D","","3","0","","","30"
"3021","L","BRODIE","IMP","GRN","III","4009","","TRACE","WARM","70K","SUBJU","4","7","3","NI","M1III","M7D","","4","1","","","0"
"3022","L","RORISE","IMP","GRN","III","7129","","DEN-T","NORM","10","ATHDE","1","9","2","EONI","M7V","","","2","0","","","42"
"3024","L","JOKOTRE","IMP","GRN","IV","5861","","THIN","WARM","640M","THEOC","4","7","","","K6V","","","","","","","44"
"3025","L","FORNICE","IMP","GRN","V","3045","","THIN","WARM","82M","BUREA","5","10","5","-","M0V","","","2","0","","","42"
"3026","L","GRILLE","IMP","GRN","I","4052","","TRACE","NORM","2K","OLIGA","2","7","","","F0V","M5D","","","","","","0"
"3029","L","PALLIQUE","IMP","AMB","V","5096","","TRACE","VARIA","8B","SUBJU","2","11","5.5","HIICINNA","M1V","M0D","","0","2","","","13"
"3030","L","NEXINE","IMP","GRN","III","9049","","STD-T","TROPI","2K","REPDE","1","8","2.5","EONIWA","M8V","M6D","","1","0","","","100"
"3123","L","NADRIN","IMP","GRN","II","1162","","VTH-T","HOT","900","TRIBE","0","6","2","DEEONIPO","M5V`","M1D","","0","2","","","0"
"3124","L","MORA*","IMP","GRN","V-N","11473","","DEN","WARM","32.5B","OLIGA","4","12","6.5","CXHIIN","M5V","","","2","1","","","92"
"3223","L","DOJODO","IMP","GRN","III-S","5233","","TRACE","HOT","9K","MILIT","1","7","","","M5V","","","","","","","22"
"3228","L","FENL`S_GREN","IMP","GRN","III","6153","","THN-T","WARM","4K","REPDE","2","9","3","EONI","K7V","","","3","2","","","72"
"HEX","SUB","WORLD","ALL","TAS","SP","DIA","G","ATM","CLIMATE","POP","GOV","CR","TL","WTN","TRADE","PRI","COM","COM","GG","PB","AU","MN","H%"
"0133","M","EMAPE","IMP","AMB","IV-N","6567","","STD","NORM","512K","NONE","0","9","4","AGNI","M0V","","","3","0","","","40"
"0139","M","RAWEH","IMP","AMB","IV","833","","VTHIN","VCOLD","9.1K","NONE","0","10","3","EOEONIPO","G3V","M1D","","0","2","","","0"
"0140","M","876-574","IMP","GRN","I","5656","","DENSE","VWARM","700","NONE","0","1","1","EONI","K7V","","","2","0","","","65"
"0231","M","SAXE","IMP","GRN","I","10429","","DEN-T","TROPI","900K","REPDE","1","7","2.5","FLNI","AW2V","","","0","1","","","48"
"0236","M","ANDOR","DRO","GRN","III","5438","","DEN-T","WARM","60M","OLIGA","2","9","4.5","AG","F3V","","","3","0","","","52"
"0240","M","769-422","IMP","GRN","I","4723","","THIN","NORM","90K","NONE","1","8","2.5","NI","GSV","","","4","2","","","44"
"0332","M","GOTHE","IMP","GRN","I","3654","","VTH-T","VCOLD","304K","BUREA","6","6","2.5","NIPO","F5IV","","","0","1","","","9"
"0333","M","MIRRIAM","IMP","AMB","IV","","","DEN-T","WARM","92M","DICTA","2","9","4.5","-","M6V","","","4","1","","","90"
"0336","M","CANDORY","DRO","RED","III","5248","","DEN-T","WARM","9.3M","OLIGA","2","8","3.5","NI","F6V","M3D","","0","2","","","25"
"0340","M","WONDERAY","IMP","GRN","I","7557","","DENSE","COOL","21K","SUBJU","6","5","2","NIWA","M3V","M1D","","0","1","","","98"
"0432","M","JONE","IMP","AMB","IV","6837","","DEN-T","HOT","70M","BUREA","2","9","4.5","-","M8V","M45D","","0","1","","","15"
"0440","M","JINX","IMP","AMB","II","1125","","NONE","VARIA","26","ANARC","0","7","1.5","EONIVA","G3IV","M5D","","2","0","","","0"
"0532","M","UCELLA","ICS","AMB","II","4761","","STD-T","WARM","4.324M","TECHN","2","7","3.5","AGNI","F2V","M6D","","0","1","","","43"
"0533","M","PENELOPE","IMP","GRN","III","3978","","STD","HOT","3.02M","REPDE","1","5","3","DENIPO","F6V","M7VI","","3","2","","","1"
"0534","M","KARIN","IMP","GRN","V","7241","","STD","WARM","41.2M","MILIT","2","10","5","AGRI","M7V","","","0","1","","","67"
"0538","M","WONSTAR","IMP","AMB","IV","3480","","THIN","COOL","92M","ATHDE","1","7","4","AG","M0V","M1D","","0","1","","","45"
"0539","M","FROIN","IMP","GRN","III","4549","","VTHIN","VCOLD","628","REPDE","2","9","2.5","EONI","M7V","M2D","","1","0","","","54"
"0632","M","GOHATURE","IMP","GRN","III","6712","","THIN","NORM","50.6M","SUBJU","3","7","4","AG","F8V","","","3","2","","","41"
"0637","M","QUHAIATHAT","IMP","GRN","III","2486","","TRACE","VCOLD","24.23M","BUREA","6","9","4.5","IC","M8V","","","0","1","","","37"
"0638","M","LAKOU","IMP","AMB","I","6619","","STD-T","COLD","62K","TECHN","2","8","2.5","NI","M6D","","","1","0","","","92"
"0731","M","RALHE","ICS","GRN","I","2119","","VTH-T","VCOLD","832K","SUBJU","2","7","2.5","NI","M8V","M3D","","1","0","","","35"
"0732","M","IDERATI*","IMP","GRN","V-N","7769","","DENSE","WARM","20.5M","BUREA","4","12","5","AGRICP","M9V","","","1","0","","","71"
"0739","M","TONDOUL","ICS","GRN","I","4971","","TRACE","VCOLD","7.3M","DICTA","3","5","2.5","ICNANI","M8V","M1D","","1","0","","","25"
"0833","M","875-496","ICS","AMB","I","8213","","DENSE","HOT","53K","ATHDE","1","7","2.5","NI","M8V","M7D","","0","1","","","83"
"0837","M","OCHECATE","MEW","GRN","I","6650","","THN-T","COOL","203K","SUBJU","5","7","2.5","AGNI","G8VI","M8D","","0","1","","","66"
"0838","M","MEWEY","MEW","GRN","II","6961","","DENSE","NORM","72M","BUREA","6","6","3.5","AGRI","M3V","M3D","","1","0","","","64"
"0840","M","975-452","IMP","GRN","I","690","","NONE","VCOLD","8K","CORPO","2","9","2.5","NIVA","M0V","","","1","2","","","0"
"HEX","SUB","WORLD","ALL","TAS","SP","DIA","G","ATM","CLIMATE","POP","GOV","CR","TL","WTN","TRADE","PRI","COM","COM","GG","PB","AU","MN","H%"
"0931","N","ASTELTINE","ICS","GRN","IV","6489","","EXOTI","VHOT","22K","FAMIL","2","9","3.5","FLNI","K7V","M3D","","1","0","","","69"
"0938","N","INCHIN","ICS","GRN","II","373","","VTH-T","CHILL","8.4K","TECHN","6","9","2.5","DEEONIPO","F0III","","","2","3","","","0"
"0940","N","SINGER","IND","AMB","II","4512","","THIN","NORM","9M","MULTI","1","6","3.5","NIPO","M2V","M2D","","0","1","","","30"
"1031","N","567-908","IND","GRN","I","5034","","VTHIN","WARM","300K","THEOC","2","5","2.5","NIPO","M9V","M1D","","1","0","","","20"
"1037","N","AVASTAN","ICS","GRN","III","3990","","VTHIN","COLD","730K","ATHDE","0","9","3.5","NIPO","M8VI","","","2","4","","","27"
"1040","N","KWAI CHING","IND","AMB","III","4984","","NONE","VCOLD","30.3M","TECHN","5","9","4.5","ICNAINVA","K3V","","","2","0","","","30"
"1131","N","FALDOR","IND","GRN","I","4562","","DEN-T","WARM","5M","DICTA","3","5","2.5","NIPO","M7III","","","2","0","","","27"
"1132","N","BOWMAN","ICS","GRN","II-S","AST","","NONE","NONE","8.7K","NONE","0","9","2.5","ASEONI","M0V","","","0","1","","","0"
"1133","N","SQUALLIA","ICS","GRN","III","3853","","VTHIN","COLD","3M","MULTI","5","9","4","NA","F0V","","","2","0","","","80"
"1138","N","TARSUS","ICS","GRN","IV","5100","","DENSE","VARIA","2.32M","ATHDE","0","9","4","AGNI","K9V","","","0","2","","","41"
"1232","N","WALSTON","ICS","GRN","III","5407","","THIN-T","COOL","3K","OLIGA","5","8","2.5","EONI","M5V","","","0","2","","","43"
"1233","N","FLEXOS","IND","GRN","I","4773","","NITRO","NORM","62K","ATHDE","1","6","2.5","FLNI","M8V","M2D","","1","0","","","11"
"1237","N","COLLACE","ICS","GRN","IV-S","5966","","VTH-T","VCOLD","2B","ATHDE","1","10","5.5","HIINPO","F1V","M6D","","0","1","","","75"
"1238","N","PAVABID","IND","AMB","III","5966","","STD","NORM","738M","THEOC","4","6","4.5","RI","M7V","","","0","1","","","70"
"1331","N","DATRILLIAN","IND","GRN","I","1523","","VTH-T","WARM","8.4M","OLIGA","2","8","3","NI","M7V","","","0","1","","","68"
"1332","N","NIRTON","IND","RED","0","6215","","NONE","VCOLD","0","NONE","0","0","NIL","BA","K8V","","","1","1","","","0"
"1337","N","JUDICE","ICS","GRN","I","9646","","NITRI","NORM","3","NONE","0","0","NIL","BAFLEONI","M3III","","","2","1","","","17"
"1339","N","TREXALON","IND","GRN","IV","2902","","STD","TROPI","902M","TECHN","1","10","5","IN","M0D","","","2","3","","","6"
"1340","N","MOTMOS","ICS","GRN","IV-N","5718","","DENSE","WARM","7.236M","BUREA","6","6","4","AGNIRI","M2V","M2D","","1","0","","","35"
"1433","N","NOCTOCOL","IND","GRN","I","690","","VDEN","HOT","61M","ATHDE","3","6","3","FL","M5VI","M2D","","0","2","","","52"
"1434","N","TARKINE","ICS","AMB","III-S","3853","","STD","NORM","3M","BUREA","2","7","3.5","AGNIRI","M0V","M2D","","1","0","","","60"
"1435","N","DALLIA","ICS","GRN","IV","7462","","CORRO","NORM","620M","BUREA","1","9","5","FLIN","F2V","","","1","0","","","49"
"1436","N","TALOS","IND","GRN","I","2890","","VTHIN","VCOLD","800K","OLIGA","2","9","3","NIPO","F9V","M1D","","2","0","","","32"
"1531","N","DAWNWORLD","IMP","GRN","I","8403","","DENSE","HOT","0","NONE","0","0","NIL","BA","F8D","M5D","","2","5","","","50"
"1532","N","ELIXABETH","ICS","GRN","IV","4474","","VTH-T","COLD","22K","DICTA","4","8","3","NI","M4V","M5D","","0","1","","","61"
"1533","N","FORINE","IND","GRN","II","2635","","TRACE","VCOLD","1.6B","DICTA","5","9","4.5","ICINNA","M9V","","","1","0","","","22"
"1537","N","MERTACTOR*","IMP","GRN","IV","1927","","STD","WARM","60M","OLIGA","1","9","4.5","CP","G1V","","","1","0","","","19"
"1631","N","TALCHEK","ICS","AMB","III","7054","","CORRO","MILD","60.5K","DICTA","2","6","3","FLNI","K8V","M5VI","","1","0","","","10"
"1632","N","MILAGRO","ICS","GRN","I","1927","","TRACE","VCOLD","90M","BUREA","6","7","3","ICNAINVA","M2V","","","2","0","","","6"
"1634","N","PAGATON","IND","GRN","III","7396","","STD","NORM","938M","MULTI","1","5","4","RI","MOV","","","1","3","","","93"
"1635","N","BINGES","","GRN","V","7955","","NONE","VCOLD","700","OLIGA","1","9","3","EONIVA","F0V","","","2","0","","","0"
"1637","N","MILLE_FALCS","IMP","GRN","IV","8577","","EXOTI","NORM","30K","MILIT","6","10","3.5","FLNI","M6V","","","0","1","","","21"
"HEX","SUB","WORLD","ALL","TAS","SP","DIA","G","ATM","CLIMATE","POP","GOV","CR","TL","WTN","TRADE","PRI","COM","COM","GG","PB","AU","MN","H%"
"1731","O","GROTE","IMP","GRN","V","4034","","NONE","COLD","3.1K","NONE","0","9","3.5","EONIVA","F8V","","","4","2","","","0"
"1733","O","LYDIA","IMP","GRN","I","963","","TRACE","COLD","9.3K","DICTA","0","6","2","DEEONI","M4III","MOVI","","2","0","","","0"
"1736","O","MELIOR","IMP","AMB","II","1000","","THN-T","NORM","62K","SUBJU","0","7","2.5","DENI","G3V","","","4","2","","","0"
"1737","O","EGYPT","IMP","GRN","IV-N","10149","","INSID","VCOLD","92K","SUBJU","2","7","3","FLNI","F8V","","","1","2","","","65"
"1739","O","ASTER","IMP","GRN","III","8017","","STD","COLD","7.4K","CORPO","0","9","3","NEWA","M89V","","","1","0","","","100"
"1836","O","CALLIA","IMP","GRN","I","1175","","THIN","MOD","900M","TECHN","1","6","2.5","DENI","M7V","","","0","1","","","0"
"1932","O","MITHRAS","IMP","GRN","III","8328","","CORRO","NORM","900K","REPDE","4","6","3","FLNI","M7V","","","2","0","","","52"
"1934","O","WEISS","IMP","AMB","IV","5780","","STD","NORM","9K","CORPO","3","9","3","EONI","M0III","M2D","","3","0","","","21"
"1935","O","WINDSOR","IMP","GRN","III","7396","","DENSE","HOT","60","CORPO","6","9","2","EONI","K9V","M0D","","0","1","","","31"
"1937","O","OVERNALE","IMP","GRN","IV","4139","","THIN","TROPI","4.05M","MULTI","6","9","4","AGNI","G3V","","","3","2","","","39"
"1938","O","NEW_ROME","IMP","GRN","IV-N","7995","","VTHIN","COLD","700M","SUBJU","5","9","5","-","F8V","M0D","","4","0","","","70"
"1939","O","CRAW","IMP","GRN","III","5140","","STD-T","NORM","9.130M","REPDE","2","5","3","NI","G7V","","","3","2","","","30"
"2035","O","AKI","IMP","AMB","IV","4009","","THN-T","CHILL","2.27B","BUREA","5","9","5.5","HIINPO","G6V","M2D","","4","1","","","34"
"2036","O","GLISTEN*","IMP","GRN","V-NS","AST","","NONE","NONE","8.384B","BUREA","4","12","6","ASHIINNACP","K9V","","","1","2","","","0"
"2038","O","TRANE","IMP","GRN","III","5966","","VTHIN","NORM","70K","ATHDE","1","10","3","NI","F4V","M3D","","4","0","","","90"
"2132","O","CENTRY","IMP","GRN","I","1989","","VTH-T","COOL","20K","REPDE","5","6","2.5","NIPO","K3V","","","0","2","","","20"
"2134","O","CALEDONIA","IMP","GRN","III","5115","","THN-T","NORM","9M","OLIGA","2","6","3.5","NIPO","M4III","M0D","","0","1","","","8"
"2137","O","SOREL","IMP","GRN","I","4040","","DENSE","NORM","9M","BUREA","5","5","2.5","AGNIRI","G3V","M3D","","1","2","","","49"
"2138","O","HOROSHO","IMP","GRN","III-S","3008","","VTHIN","NORM","900.4M","DICTA","2","9","4.5","-","F4V","","","0","2","","","72"
"2140","O","ROMAR","IMP","GRN","IV-NS","3922","","THIN","CHILL","12K","TECHN","4","8","3","DENI","M5V","M3D","","2","1","","","0"
"2231","O","MARASTAN","IMP","GRN","II","2846","","DENSE","COLD","92M","MULTI","1","6","3.5","AGRI","M7V","","","4","2","","","60"
"2232","O","CROUT","IMP","GRN","I","4071","","VTHIN","WARM","3.05B","OLIGA","5","7","3.5","HI","M7II","M9VI","","4","1","","","46"
"2233","O","TIREM","IMP","GRN","III","7334","","CORRO","COLD","6.772B","MULTI","2","9","5","FLHIIN","K5V","","","1","2","","","54"
"2234","O","INTHE","IMP","GRN","III","802","","NONE","FROZE","91K","BUREA","5","9","3","NIVA","K3V","","","4","2","","","0"
"2236","O","TSARINA","IMP","GRN","I","999","","VTH-T","COOL","3.53M","OLIGA","4","6","3","DENANI","M5V","M2D","","1","0","","","0"
"2237","O","WURZBURG","IMP","GRN","III-S","6830","","DEN-T","TROPI","5K","NONE","0","8","2.5","EONI","F8V","","","0","1","","","50"
"2331","O","BICORNN","IMP","GRN","I","5202","","STD","NORM","30K","MULTI","3","5","2","NI","M0V","","","0","1","","","34"
"2334","O","FFUDN","IMP","GRN","V","4001","","TRACE","NORM","950M","BUREA","5","8","5","IC","F3V","M3VI","","4","0","","","43"
"2336","O","BENDOR","IMP","GRN","V-NS","7582","","THIN","NORM","8M","TECHN","3","6","4","AGNI","A5V","","","0","2","","","58"
"HEX","SUB","WORLD","ALL","TAS","SP","DIA","G","ATM","CLIMATE","POP","GOV","CR","TL","WTN","TRADE","PRI","COM","COM","GG","PB","AU","MN","H%"
"2534","P","BURTSON","IMP","GRN","III","4102","","STD","NORM","5M","SUBJU","4","8","3.5","NIRI","M4V","","","2","0","","","23"
"2536","P","SQUANNINE","IMP","GRN","V","3040","","NONE","FROZE","800K","TECHN","0","9","4","NIVA","F4V","M7D","","3","0","","","0"
"2537","P","DOBHAM","IMP","GRN","V-S","3872","","THIN","NORM","9K","TECHN","4","9","3.5","DEEONIPO","G0V","","","3","2","","","0"
"2538","P","PYRAMUS","IMP","GRN","I","5457","","STD","NORM","8K","OLIGA","2","5","1.5","EONI","M6V","","","4","1","","","59"
"2539","P","THISBE","IMP","GRN","I","3915","","VTHIN","COLD","900K","DICTA","6","6","2.5","DENIPO","F8II","","","2","2","","","1"
"2540","P","ARAMIS","IMP","GRN","IV","5991","","THIN","HOT","10M","MULTI","0","5","4.5","-","M5V","","","4","2","","","92"
"2637","P","ROBIN","IMP","GRN","III","AST","","NONE","NONE","60K","BUREA","6","10","3","ASNI","F3V","M0D","","2","1","","","0"
"2638","P","DMARA","IMP","GRN","I","7067","","THIN","NORM","80M","BUREA","4","6","3","WA","M5VF4IV","","","0","1","","","100"
"2639","P","KELTCHER","IMP","GRN","III","5121","","VTHIN","WARM","50K","MILIT","4","9","3","NI","M6V","","","2","0","","","50"
"2731","P","TUSSINIAN","IMP","GRN","IV","6153","","STD-T","COOL","800","ATHDE","1","7","2.5","EONI","K0V","","","0","2","","","78"
"2733","P","EDENELT","IMP","GRN","V","3978","","STD","NORM","700M","OLIGA","4","10","5","RI","M7V","","","4","3","","","30"
"2735","P","CONWAY","IMP","GRN","IV-S","8011","","DEN-T","NORM","50K","BUREA","2","7","3","NI","F0V","M0D","","1","1","","","43"
"2739","P","DODDS","IMP","GRN","III","4052","","THN-T","WARM","4B","THEOC","4","7","4.5","HIINPO","M7V","","","3","2","","","30"
"2832","P","LEANDER","IMP","GRN","I","5966","","DEN-T","WARM","500","REPDE","2","6","1.5","EONI","M5V","M1D","","1","0","","","50"
"2833","P","PEPERNIUM","IMP","GRN","II","5194","","STD","NORM","20K","OLIGA","0","5","2","NI","M1V","","","3","0","","","71"
"2834","P","TRALTHA","IMP","GRN","IV","7247","","DEN-T","NORM","1M","OLIGA","0","6","4","DENIPO","F5V","","","0","1","","","0"
"2839","P","FARQUAHAR","IMP","GRN","III-S","6072","","VTHIN","WARM","20K","SUBJU","1","7","3","NI","M5V","","","1","0","","","50"
"2933","P","RAYDRAD","IMP","GRN","I","9324","","DEN-T","NORM","4M","MULTI","4","6","3","AGNI","M7III","M9D","","3","0","","","31"
"2934","P","ZYRA","IMP","GRN","IV","5183","","THIN","NORM","80K","REPDE","4","7","3","NI","M8V","","","1","0","","","49"
"2935","P","MURCHISON","IMP","GRN","IV","5183","","THIN-T","COOL","70K","OLIGA","1","6","3","NI","M5III","M9V","","5","0","","","38"
"2936","P","HAMMERMIUM","IMP","GRN","V","4873","","THIN","COOL","70K","DICTA","6","10","3.5","NIPO","M3III","","","5","3","","","22"
"2940","P","THORNNASTOR","IMP","GRN","II-S","5158","","VTHIN","HOT","30K","REPDE","1","8","2.5","NI","M1III","","","4","0","","","36"
"3032","P","KATARULU","IMP","GRN","IV-NW","2076","","THIN","ICY","2M","MILIT","2","10","4","NIPO","M0V","M9D","","1","0","","","19"
"3035","P","PRILISSA","IMP","GRN","IV","9130","","DENSE","NORM","70K","BUREA","5","6","3","NI","K9V","","","0","1","","","50"
"3038","P","TEE-TEE-TEE","IMP","GRN","III","802","","TRACE","NORM","30K","OLIGA","0","9","3","DENI","M2V","","","2","0","","","0"
"3039","P","YOUGHAL","IMP","GRN","V","10429","","EXOTI","NORM","9K","SUBJU","2","9","3.5","EONI","M3V","","","1","0","","","93"
"3040","P","TENELPHI","IMP","GRN","II-S","7185","","STD","NORM","40K","MULTI","3","8","3","NIWA","F4V","M0VI","","1","0","","","100"
"3138","P","ZEPHYR","IMP","GRN","0","8092","","DEN-T","WARM","70K","MILIT","6","5","-0.5","NI","M5V","","","4","0","","","52"
"3139","P","CHAMOIS","IMP","GRN","IV-S","5245","","THN-T","WARM","6M","REPDE","1","5","3.5","AGNI","F9IV","","","3","2","","","39"
"3233","P","RAMIVA","IMP","GRN","IV","1144","","TRACE","WARM","50M","MILIT","3","8","4","DENA","M9V","","","3","1","","","0"
"3235","P","TRIN*","IMP","GRN","V","8216","","DEN-T","COOL","22B","BUREA","3","12","","CPHIIN","M0V","","","1","0","","","44"
"3236","P","HAZEL","IMP","AMB","III","6041","","THN-T","NORM","80M","REPDE","4","5","","AG","A1V","M6D","","0","1","","","52"
