"Hex","Sub","Mainworld","Allegiance","TAS","StarPort","Dia","Gravity","Atmos","H%","Climate","Pop","Gov","CR","TL","WTN","Trade","Primary","Secondary","Tertiary","GGs","PBs","Orbit","Moons"
"0101","A","ZEYCUDE","ZHO","GRN","III","3306","","VTHIN","0","COLD","6.6M","BUREA","4","9","4","DENAPO","M9V","","","3","1","",""
"0102","A","RENO","ZHO","GRN","III","590","","VTH-T","0","VCOLD","60M","DICTA","4","9","4.5","DENAPO","G8V","M1D","","3","0","",""
"0103","A","ERRERE","ZHO","GRN","IV-N","2329","","STD","27","WARM","9M","OLIGA","2","9","4","NIRI","M1V","M4D","","0","1","",""
"0104","A","CANTREL","ZHO","GRN","III","3008","","STD","56","WARM","619","REPDE","2","9","3","EONI","F1III","","","0","2","",""
"0108","A","GYOMAR","IND","GRN","II","7620","","CORRO","20","VCOLD","8.03M","BUREA","5","6","3.5","FLNI","A8IV","","","4","2","",""
"0202","A","THENGO","ZHO","GRN","III","7462","","STD","84","WARM","800K","BUREA","4","6","3","AGNI","G5V","M3D","","1","0","",""
"0301","A","RIO","IND","GRN","III","6215","","DENSE","62","COLD","1.1B","REPDE","4","8","4.5","HI","M1V","M0D","","1","0","",""
"0303","A","GESENTOWN","ZHO","GRN","IV","1529","","TRACE","5","VCOLD","8.045M","MILIT","5","10","4","ICNANI","M9D","M9D","","1","0","",""
"0304","A","CHRONOR*","ZHO","GRN","V-N","5718","","VTHIN","60","VCOLD","8B","OLIGA","2","10","5.5","CPHI","M8V","","","0","1","",""
"0307","A","ATSA/CR","ZHO","GRN","IV-N","4261","","VTHIN","32","COOL","62M","OLIGA","4","10","4.5","NAPO","F7V","M9D","","0","1","",""
"0503","A","WHENGE","ZHO","GRN","II","6224","","THIN-T","80","COOL","500K","TRIBE","0","8","3","AGNI","M8V","","","0","1","",""
"0601","A","ENLAS-DU","ZHO","GRN","I","8875","","STD-T","53","NORM","31B","MULTI","1-2","6","3","AGNI","F1V","","","3","2","",""
"0605","A","ALGEBASTER","ZCS","GRN","III","5502","","STD","50","WARM","4.4M","TECHN","4","9","4","AGNIRI","M0V","M1D","","0","1","",""
"0607","A","RASATT","ZHO","GRN","0","8213","","DENSE","25","TROPI","90K","ANARC","0","7","0","NIRI","F0V","","","0","1","",""
"0608","A","NINJAR","ZHO","GRN","V-N","1618","","TRACE","5","VCOLD","4.1M","SUBJU","2","10","4.5","ICNANI","A4D","","","0","1","",""
"0610","A","SHEYOU","ZHO","GRN","IV-N","6487","","THIN","63","COOL","10M","MULTI","3-4","9","4.5","AG","F4V","M0D","","1","1","",""
"0703","A","INDO","IND","GRN","I","2521","","VTHIN","37","COLD","3M","MERIT","2","6","3","NANI","F6V","","","0","2","",""
"0704","A","NEREWHON","IND","GRN","I","6429","","VTHIN","78","COLD","80K","MULTI","2","7","2.5","NIRI","K5V","","","0","2","",""
"0705","A","CIPANGO","ZHO","GRN","V-N","7670","","DENSE","64","NORM","100M","SUBJU","2","10","5","RI","G2V","","","1","2","",""
"0710","A","STAVE","IND","GRN","I","6511","","STD","61","NORM","80M","DICTA","4","5","3","AGRI","M9V","M2D","","1","0","",""
"0805","A","NARVAL","ZCS","AMB","II","4537","","VTH-T","45","VCOLD","6M","BUREA","4","6","3.5","NANI","G4V","M6VI","","3","0","",""
"0807","A","PLAVEN","IND","GRN","I","7528","","THN-T","48","VARIA","9486","NONE","0","5","1.5","EONI","G8V","M7D","","0","1","",""
"0808","A","QUARE","IMP","AMB","IV-N","4575","","VTHIN","28","COLD","40M","ATHDE","0","9","4.5","NAPO","M2V","","","1","0","",""
"0810","A","FROND","IND","GRN","I","8844","","INSID","39","VCOLD","1K","NONE","0","9","2.5","FLEONI","F8V","","","3","0","",""
"0901","B","CONDOYLE","IND","AMB","I","7023","","STD","10","HOT","930K","REPDE","0","6","2.5","NANI","F8III","","","3","2","",""
"0902","B","PUPARKIN","IND","AMB","III","6650","","STD-T","26","VCOLD","5.3K","BUREA","0","9","2.5","EO0NI","K8V","M4D","","2","0","",""
"0904","B","CHWISTYOCH","ZHO","GRN","IV-N","7396","","STD","57","NORM","44.5M","MILIT","2","9","5","AGRI","M2V","","","4","2","",""
"0909","B","GOUGESTE","IND","AMB","III","2517","","STD-T","16","WARM","419K","OLIGA","0","9","3.5","NI","K2V","","","0","2","",""
"1004","B","ESALIN","IMP","GRN","III","4723","","STD","40","NORM","2M","DICTA","1","8","3.5","AGNI","F3V","M5D","","3","2","",""
"1005","B","RUBY","IMP","GRN","IV-S","4351","","NONE","0","COLD","21K","REPDE","2","9","3.5","NIVA","M1V","M3D","","1","0","",""
"1006","B","EMERALD","IMP","GRN","IV","7025","","STD","61","WARM","530K","OLIGA","2","9","4","AGNI","M1VI","","","4","3","",""
"1010","B","ZENOPIT","ARD","GRN","II","768","","VTHIN","2","WARM","635K","SUBJU","2","7","3","DENIPO","M8D","","","2","2","",""
"1102","B","RIVERLAND*","ZHO","AMB","III","4475","","STD","49","NORM","20M","BUREA","2","9","4.5","AGCPRI","M7III","","","4","1","",""
"1103","B","CLAN","ZHO","AMB","IV-N","6464","","STD-T","15","WARM","900K","BUREA","5","9","4","NI","M8V","","","1","0","",""
"1106","B","JEWELL*","IMP","GRN","V","6588","","STD-T","66","HOT","6.3B","BUREA","5","10","5.5","CPHIIN","G7V","","","3","2","",""
"1110","B","ZIRCON","ARD","GRN","III","7058","","DEN-T","22","COOL","6.378M","SUBJU","5","8","3.5","NI","F0V","","","4","2","",""
"1201","B","AO-DAI","ZHO","GRN","I","3729","","TRACE","0","FROZE","3.3M","REPDE","2","6","3","NANI","K2V","M3D","","2","1","",""
"1204","B","MONGO","IMP","GRN","V","3201","","STD","80","NORM","6.206M","BUREA","2","9","4.5","AGNIRI","M5III","M0D","","3","0","",""
"1209","B","UTOLAND","ARD","GRN","III","3928","","STD-T","34","NORM","4.3K","SUBJU","2","7","3","EONI","M0V","","","0","1","",""
"1210","B","PEQUAN","ARD","GRN","I","4868","","STD","48N","NORM","7.653M","DICTA","5","5","2.5","AGNIRI","M5V","","","0","1","",""
"1305","B","NAKEGE","IMP","AMB","II","5099","","DEN-T","10","WARM","5.6K","SUBJU","3","5","2","EONI","M6V","M0D","","1","0","",""
"1307","B","LYSEN","IMP","GRN","IV","4723","","DEN-T","15","VWARM","6.531M","TECHN","2","9","4","AGNI","M9V","","","3","2","",""
"1401","B","FOELON","ZHO","AMB","IV","6277","","VTHIN","83","VCOLD","9.476M","BUREA","2","8","4","AGNI","K0V","","","0","1","",""
"1402","B","FARREACH","ZHO","AMB","V","1865","","NONE","0","FROZE","40K","ANARC","0","9","3.5","NIVA","M3II","M0V","","5","1","",""
"1510","B","871-438","IMP","GRN","I","6961","","VTH-T","15","","0","NONE","0","8","NIL","BAEONIPO","M9V","M8D","","1","0","",""
"1604","B","LOUZY","IMP","GRN","II","3356","","VTH-T","16","FROZE","10B","BUREA","5","8","4.5","HIINPO","M5V","","","0","1","",""
"1607","B","GRANT","IMP","RED","0","6339","","STD","41","NORM","20","NONE","0","0","0","EONI","K6V","","","2","2","",""
"1705","C","EFATE","IMP","GRN","V-NW","6339","","THN-T","60","COLD","8.373B","MILIT","4","10","5.5","HIIN","K4V","","","0","1","",""
"1706","C","ALELL","IMP","GRN","IV","3791","","STD","68","NORM","400M","BUREA","6","9","5","-","M7V","M7D","","0","1","",""
"1802","C","YRES","IMP","AMB","IV","9820","","STD-T","61","NORM","1.843B","OLIGA","3","7","5","HIIN","G5V","","","5","3","",""
"1803","C","MENORB","IMP","GRN","III","5718","","THIN","20","COOL","3.747B","BUREA","6","7","4.5","HIPO","M5III","","","0","1","",""
"1805","C","UAKYE","IMP","GRN","IV","3667","","VTHIN","90","COLD","303K","BUREA","5","9","4","NI","M9V","","","0","2","",""
"1806","C","WHANGA","IMP","GRN","I","6215","","STD-T","55","WARM","20","ATHDE","3","7","1","EONI","A1V","M1D","","4","2","",""
"1807","C","KNORBES","IMP","GRN","I","7955","","DENSE","81","WARM","82M","BUREA","2","4","3","AGNI","D3V","","","4","3","",""
"1808","C","FORBOLDN","IMP","GRN","I","8080","","DENSE","26","HOT","3M","BUREA","3","5","2.5","NIRI","G0V","","","2","1","",""
"1809","C","RUIE","IMP","AMB","III","7457","","STD-T","58","NORM","7.763B","MULTI","2","7","4.5","HIIN","M5V","","","1","0","",""
"1810","C","JENGHE","IMP","GRN","III","6998","","DEN-T","92","WARM","3.463M","DICTA","1","9","4","NI","M0V","","","3","2","",""
"1903","C","PIXIE","IMP","GRN","V","590","","NONE","0","NONE","90","NONE","1","10","2.5","EONIVA","M1V","M0D","","1","0","",""
"1904","C","BOUGHENE","IMP","GRN","V","8328","","CORRO","30","COOL","630K","OLIGA","1","10","4","FLNI","M7V","","","1","0","",""
"1909","C","HEFRY","IMP","GRN","III-S","1740","","NONE","1","FROZE","32K","ATHDE","1","7","3","NIVA","K6II","M6D","","0","2","",""
"1910","C","REGINA*","IMP","GRN","V-NS","6526","","DENSE","80","WARM","734M","BUREA","5","10","5","CPRI","F5V","M8D","M6V","3","0","",""
"2005","C","FERI","IMP","AMB","IV","3045","","DENSE","36","NORM","600M","MULTI","2","9","5","RI","G4V","M3D","","0","2","",""
"2007","C","ROUP","IMP","AMB","III","6837","","STD-T","100","WARM","3.472B","DICTA","5","7","4.5","HIINWA","F9V","","","3","2","",""
"2106","C","PSCIAS","IMP","RED","0","3170","","THIN","46","COOL","50K","ATHDE","1","4","-0.5","NI","M5VI","","","1","0","",""
"2110","C","YORI","IMP","GRN","III","2797","","STD","0","HOT","70.8M","TECHN","2","9","4.5","DERI","F1V","","","3","1","",""
"2201","C","DENTUS","IMP","RED","III-S","8888","","STD-T","86","HOT","900K","MILIT","6","9","3.5","NI","M2V","","","0","2","",""
"2202","C","KINORB","IMP","GRN","V","6215","","STD","34","WARM","6.721M","TECHN","5","8","4","NIRI","M7V","","","2","2","",""
"2204","C","BECKS_WORLD","IMP","GRN","II","8390","","DENSE","26","NORM","70K","BUREA","6","5","2","NI","M0V","M2D","","1","0","",""
"2205","C","ENOPE","IMP","GRN","III","4251","","TRACE","5","VCOLD","6.376B","BUREA","5","6","4.5","HIICIN","M6V","M5D","","0","0","",""
"2207","C","WOCHIERS","IMP","GRN","I","9571","","INSID","24","HOT","740M","OLIGA","6","9","3.5","-","F0V","","","3","0","",""
"2303","C","YORBUND","IMP","GRN","III","6650","","CORRO","60","WARM","200K","NONE","1","7","3","FLNI","M8VI","","","0","2","",""
"2306","C","SHINOTHY","IMP","RED","0","AST","","NONE","0","NONE","70M","ATHDE","1","8","0.5","ASVA","M4V","","","4","1","",""
"2308","C","ALGINE","IMP","RED","0","6588","","STD","58","NORM","7.393B","MULTI","2","5","1","HI","M9VI","","","3","2","",""
"2309","C","YURST","IMP","GRN","I","7334","","DEN-T","41","WARM","8.442M","REPDE","1","5","2.5","AGNI","K9V","","","4","2","",""
"2402","C","HEYA","IMP","GRN","IV","5656","","DENSE","70","COOL","71M","REPDE","2","6","4","AGRI","K6III","M6D","","4","3","",""
"2405","C","KENG","IMP","GRN","I","1927","","STD-T","10","WARM","820M","OLIGA","6","5","3","-","G5III","M9D","","2","1","",""
"2406","C","MOUGHAS","IMP","GRN","III","10193","","THIN","100","NORM","860K","BUREA","5","9","3.5","NIVWA","M9V","M9D","","1","0","",""
"2408","C","RETHE","IMP","GRN","II","1927","","VTHIN","0","VARIA","31.882B","DICTA","5","6","4.5","DEHIIN","G7V","","","3","2","",""
"2410","C","INTHE","IMP","GRN","IV-NS","5035","","STD-T","52","NORM","72M","MULTI","2","9","4.5","AG","M2D","","","3","2","",""
"2509","D","PAYA","IMP","GRN","V","5979","","THIN","52","COLD","620","REPDE","1","9","3","EONI","F3V","","","3","0","",""
"2510","D","DHIAN","IMP","GRN","III","9049","","STD","68","TROPI","2.264M","BUREA","6","5","3","AGNI","M5V","","","2","0","",""
"2602","D","CORFU","IMP","AMB","I","8173","","DEN-T","50","NORM","2.427M","MULTI","2","5","2.5","AGNIRI","M0V","","","2","2","",""
"2607","D","FOCALINE","IMP","GRN","I","10124","","DENSE","84","COOL","712K","REPDE","2","9","3","AGNI","F3M","","","4","2","",""
"2701","D","LABLON","IMP","GRN","IV","5531","","THN-T","56","COOL","503K","BUREA","6","9","4","AGNI","M2III","M4D","","3","0","",""
"2706","D","HEGUZ","IMP","GRN","I","5792","","STD","100","NORM","500","ATHDE","2","10","2","EONIWA","M5V","M7D","","0","1","",""
"2708","D","VIOLANTE","IMP","GRN","III","6290","","STD","93","WARM","43K","TECHN","1","9","3","NI","M0V","","","0","2","",""
"2905","D","PAVANNE","IMP","GRN","I","2014","","TRACE","0","VCOLD","0","NONE","0","0","NIL","BAEONI","G2V","","","5","2","",""
"2906","D","CARSTEN","IMP","GRN","III","4164","","VTH-T","74","VCOLD","82K","NONE","1","9","3","NI","M8V","","","4","0","",""
"2908","D","ZILA","IMP","AMB","I","1927","","THIN","61","WARM","66M","ATHDE","5","7","3","AG","M6V","M3D","","1","0","",""
"3001","D","JESEDIPERE","IMP","GRN","III","7110","","STD-T","53","WARM","4.1K","ANARC","0","7","2.5","NI","","","","1","1","",""
"3002","D","YEBAB","IMP","GRN","III","932","","EXOTI","41","COLD","732B","BUREA","6","7","4.5","FL","M9V","","","2","1","",""
"3003","D","NASEMIN","IMP","GRN","IV-S","9074","","DENSE","100","NORM","60.3K","ATHDE","1","9","3.5","NIWA","K2V","","","2","1","",""
"3004","D","ZYKOCA","IMP","RED","I","9105","","DEN-T","41","HOT","340K","REPDE","1","6","2.5","AGNI","M9V","","","0","2","",""
"3005","D","ARAMANX","IMP","AMB","IV","6209","","THIN","70","NORM","1.58B","MULTI","1","6","5","HI","G0V","","","0","1","",""
"3008","D","PYSADI","IMP","GRN","III","3866","","STD-T","62","NORM","1.9M","THEOC","5","5","3","AGNIRI","K9V","M1D","","1","0","",""
"3010","D","L`OUEL_D`DIEU","IMP","GRN","IV","8798","","DENSE","99","WARM","523K","CORPO","O","9","4","NIWA","G1V","M9D","","2","0","",""
"3102","D","RUGBIRD","IMP","AMB","IV","10429","","INSID","53","VCOLD","8.384M","OLIGA","2","9","4","FLNI","M1V","","","1","1","",""
"3103","D","TOWERS","IMP","AMB","IV-S","4102","","THN-T","35","COOL","72K","REPDE","5","9","3.5","NI","A8III","K6D","","5","3","",""
"3104","D","FENETEMAN","IMP","GRN","III","1991","","VTH-T","20","VCOLD","930","NONE","0","10","2.5","EONIPO","G4V","M7D","","0","1","",""
"3107","D","LEWIS","IMP","GRN","II","3978","","VTH-T","71","","24K","MULTI","1","10","2.5","NI","F8V","","","1","0","",""
"3110","D","ARAMIS*","IMP","GRN","V","5904","","CORRO","0","HOT","620K","TECHN","4","9","4","CPNI","M9VI","","","0","1","",""
"3202","D","JUNIDY","IMP","AMB","IV","3866","","VTHIN","38","COOL","28B","DICTA","6","9","5.5","HINA","F7V","M9D","","0","1","",""
"3207","D","PATINIR","IMP","GRN","III","AST","","NONE","0","VCOLD","3.24M","CORPO","0","9","4","ASNANIVA","F3V","","","3","2","",""
"3209","D","NATOKO","IMP","GRN","IV","5196","","DENSE","21","WARM","806","CORPO","1","8","2.5","EONI","M2VI","M6D","","1","0","",""
"3210","D","REACHER","IMP","AMB","III","8987","","EXOTI","76","HOT","364K","REPDE","1","8","3","FLNI","G4D","","","3","3","",""
"0111","E","ATSON","IND","GRN","IV","3045","","TRACE","0","FROZE","900K","BUREA","4","8","3.5","NI","K8VI","","","3","3","",""
"0114","E","YIKTOR","IND","GRN","III","6259","","VTH-T","61","VHOT","10.7K","OLIGA","1","9","3","FLNI","G4V","M4D","","3","2","",""
"0115","E","XHOSA","IND","GRN","I","9820","","DEN-T","52","WARM","90","ATHDE","1","5","1","EONI","M0III","","","M2D","1","",""
"0212","E","PRINX","IND","GRN","III","3915","","VTHIN","60","COOL","7.35M","MILIT","2","6","3.5","NANI","A9V","K8VI","","0","2","",""
"0215","E","RUSHU","IND","GRN","I","6712","","STD","45","NORM","9.3M","DICTA","1","5","2.5","AGNI","A0IV","M6D","","3","0","",""
"0218","E","BAEL","IND","GRN","I","1523","","NONE","0","FROZE","80","ANARC","0","8","1","EONIVA","K2V","","","2","1","",""
"0311","E","MIZEN-FEL","IND","GRN","IV","4040","","STD","20","NORM","309K","BUREA","5","8","3.5","NIPO","F3V","","","3","2","",""
"0412","E","SANSIBAR","ZHO","GRN","IV-N","2051","","NONE","0","FROZE","7K","ZCOMP","1","9","3","EONIVA","M3V","M3D","","1","0","",""
"0414","E","ATTICA","IND","GRN","III","4040","","NONE","0","FROZE","802K","REPDE","4","8","3","NIVA","K1VI","M6D","","0","1","",""
"0416","E","RETINAE","ICS","GRN","I","8390","","DEN-T","55","VHOT","9M","DICTA","4","6","3","NI","M9V","","","0","1","",""
"0511","E","TERRA-NOVA","ZHO","GRN","III","6899","","DENSE","61","NORM","8800","REPDE","1","9","3","EONI","M7D","","","2","1","",""
"0512","E","ASMODEUS","ZHO","GRN","I","5469","","DEN-T","60","NORM","20K","FAMIL","0","5","2","NI","K8VI","","","5","0","",""
"0518","E","FAISAL","ICS","GRN","II","3605","","THN-T","47","HOT","82K","OLIGA","2","5","2","NI","K9V","M7D","","0","1","",""
"0613","E","LEBEAU","ZHO","GRN","IV","8017","","STD","94","MILD","900K","TECHN","2","10","4","NIWA","G8V","M5D","","1","0","",""
"0614","E","QUERION*","ZHO","GRN","IV","2113","","THIN","40","COOL","82.3M","BUREA","4","9","4.5","AGCP","M6V","","","4","0","",""
"0618","E","DEKALB","ICS","GRN","I","9695","","DENSE","100","WARM","30.4M","BUREA","4","6","3","RIWA","M1V","","","0","2","",""
"0620","E","WINSTON","DAR","GRN","I","7644","","DENSE","68","NORM","528K","MILIT","1","6","2.5","AGNI","K5V","M9D","","1","0","",""
"0712","E","RAPPS_WORLD","ZHO","GRN","III","5096","","DEN-T","15","WARM","4345","ATHDE","2","8","2.5","EONI","M5V","M8VI","","2","0","",""
"0717","E","THANBER","ICS","GRN","IV","1492","","THN-T","34","COLD","2M","TECHN","2","10","4","NIPO","M9V","M1D","","0","1","",""
"0720","E","ENTROPE","DAR","GRN","II","2987","","VTHIN","61","FROZE","11.26B","DICTA","6","10","4.5","HI","G6V","M1D","","0","1","",""
"0820","E","ANSELHOME","DAR","GRN","III","609","","TRACE","0","VCOLD","602K","BUREA","4","8","3","-","M6VI","M0D","","1","0","",""
"0911","F","CALORAN","IND","GRN","II","7380","","DEN-T","62","NORM","53M","REPDE","2","6","3.5","AG","G2V","M4D","","0","1","",""
"0912","F","899-076","IND","GRN","I","1717","","TRACE","0","COLD","5.24K","NONE","0","8","2","EONI","F7V","","","0","2","",""
"0915","F","QUARE","ARD","GRN","IV","1992","","NONE","0","HOT","22.5K","REPDE","2","9","3.5","NIVA","M3V","","","4","0","",""
"0919","F","ZETA-2","IND","RED","0","5646","","CORRO","60","HOT","0","NONE","0","0","NIL","BAFLEONI","M4V","","","0","2","",""
"1011","F","ARDEN","ARD","GRN","III","5194","","THIN","40","WARM","823M","OLIGA","5","9","4.5","CPRI","M4V","M5D","","0","1","",""
"1018","F","CHOLEOSTI","IMP","GRN","III","1828","","NONE","0","NORM","13","NONE","0","9","2","EONIVA","M9V","M4D","","1","0","",""
"1020","F","MARGESI","IMP","AMB","III","4525","","STD-T","50","NORM","967M","ATHDE","5","6","4.5","-","M4V","M7D","","0","1","",""
"1116","F","FRENZIE*","IMP","GRN","V-N","3431","","NONE","0","VCOLD","53K","BUREA","3","9","4","CPNIVA","M2III","M3D","","0","1","",""
"1118","F","GARDA_VILIS","IMP","AMB","IV","5572","","STD-T","80","NORM","923M","ANARC","1","10","5","RI","M3V","","","2","1","",""
"1119","F","VILIS","IMP","GRN","V","5007","","DEN-T","33","COOL","832M","OLIGA","1","9","5","-","G5V","M8D","","0","2","",""
"1212","F","DIGITIS","ARD","GRN","I","4703","","VTHIN","58","TROPI","9.78M","BUREA","6","6","3","NANI","M6III","","","0","2","",""
"1213","F","EDININA","ARD","AMB","I","4098","","NONE","0","NORM","438","ATHDE","0","6","1.5","EONIVA","K6V","M0D","","1","0","",""
"1214","F","728-907","IMP","GRN","II","9421","","THIN","47","NORM","6","MILIT","0","12","2","EONI","F1V","M4D","","0","1","",""
"1216","F","STELLATIO","IMP","GRN","II","4655","","EXOTI","37","TROPI","50K","ATHDE","0","5","2","NI","M9III","","","0","1","",""
"1217","F","ARKADIA","IMP","GRN","I","3940","","THN-T","63","NORM","421M","REPDE","3","6","3.5","AG","M8V","","","2","0","",""
"1311","F","TREMOUS_DEX","ARD","GRN","IV-M","4878","","TRACE","14","COLD","31K","MILIT","1","10","3.5","ICNI","K8V","M5D","","1","0","",""
"1315","F","MIRRIAM","IMP","GRN","I-N","4014","","STD-T","24","NORM","1298","TRIBE","0","8","2","EONI","F5V","","","0","1","",""
"1320","F","SAURUS","IMP","GRN","II","8553","","DENSE","82","NORM","83K","BUREA","5","7","2.5","NI","A8V","M1VI","","0","2","",""
"1411","F","RANGENT","IND","GRN","III","6360","","STD-T","100","TROPI","7.341M","BUREA","1","7","3.5","NIWA","M8V","","","3","0","",""
"1413","F","DENOTAM","IMP","GRN","IV","6850","","VTHIN","85","NORM","37K","MILIT","1","9","3.5","NI","M2V","","","4","2","",""
"1417","F","FICANT","IMP","GRN","I","5222","","STD","69","COOL","9.25K","T","1","6","2","EONI","M0V","M1D","","0","1","",""
"1511","F","TIONALE","IND","AMB","III","6050","","STD-T","43","COOL","2.2K","ATHDE","1","8","2.5","EONI","M9V","M5D","","0","1","",""
"1515","F","CALIT","IMP","GRN","III","3464","","VTHIN","42","VH","573M","MILIT","4","7","","","K9V","M5D","","","","",""
"1519","F","ASGARD","IMP","RED","0","2956","","THN-T","30","WARM","51M","OLIGA","6","5","0.5","NAPO","F5II","M1D","","0","2","",""
"1520","F","TAVONNI","IMP","GRN","I","5057","","STD","58","COOL","0","NONE","0","0","NIL","BAEONI","G6II","","","4","3","",""
"1611","F","PHLUME","IMP","GRN","III","7874","","DENSE","71","NORM","7.22M","ATHDE","1","8","3.5","AGNI","G5V","M8D","","0","1","",""
"1711","G","EXTOLAY","IMP","GRN","IV-N","4066","","THIN","47","NORM","123M","BUREA","5","9","5","-","M2V","M4D","","0","1","",""
"1719","G","LANTH*","IMP","GRN","V-NS","7874","","STD-T","86","NORM","770K","OLIGA","1","9","4.5","CPNI","F5IV","M9D","","0","1","",""
"1811","G","DINOM","IMP","AMB","II","1061","","NONE","0","VARIA","241K","REPDE","1","9","3.5","NIVA","A4III","","","1","0","",""
"1815","G","GHANDI","IMP","GRN","IV-N","1928","","TRACE","6","ICY","42K","TECHN","2","6","3","ICNI","F8V","M3D","","3","0","",""
"1817","G","VICTORIA","IMP","RED","0","5610","","DEN-T","72","NORM","12M","MULTI","0","5","0.5","-","M6V","","","2","1","",""
"1912","G","DINOMN","IMP","GRN","IV-S","6042","","STD-T","39","NORM","2.431M","OLIGA","1","5","3.5","AGNI","M8VI","","","4","0","",""
"1916","G","YYLAVEN","IMP","RED","0","5106","","DENSE","68","VCOLD","532K","TECHN","1","5","0","AGNI","F9V","","","2","2","",""
"1918","G","SONTHERT","IMP","RED","0","5989","","VTH-T","63","NORM","4.3M","DICTA","6","5","0","NANI","K6V","M0D","","4","1","",""
"1920","G","DGANZIO","IMP","GRN","IV-N","532","","VTH-T","12","NORM","38K","CORPO","0","10","3.5","NIPO","M3V","M0D","","2","1","",""
"2011","G","WYPOC","IMP","AMB","I","9397","","CORRO","41","NORM","936K","REPDE","3","10","3","FLNI","M3V","","","2","2","",""
"2111","G","DJINNI","IMP","RED","I","4116","","THIN","91","NORM","0","NONE","0","0","NIL","BAEONI","K5V","","","2","2","",""
"2112","G","RECH","IMP","GRN","II","8690","","DEN-T","52","NORM","51M","DICTA","6","6","3.5","AG","M0V","","","1","0","",""
"2212","G","KKIRKA","IMP","GRN","III","11774","","EXOTI","47","TROPI","1.2K","REPDE","2","8","2.5","EONI","M8V","","","2","0","",""
"2215","G","QUOPIST","IMP","AMB","IV","1176","","THIN","12","WARM","7.5M","TRIBE","5","9","4","NAPO","M3V","","","1","2","",""
"2311","G","TREECE","IMP","GRN","II","2214","","VTHIN","23","NORM","670M","MILIT","2","8","3","NAPO","M1V","","","0","1","",""
"2313","G","ECHISTE","IMP","GRN","III","4909","","VTHIN","98","NORM","7K","CORPO","2","9","3","EONIWA","G4V","","","0","2","",""
"2314","G","PIREMA","IMP","GRN","II","6126","","DEN-T","9","HOT","84","REPDE","1","6","1.5","EONI","M4V","","","0","2","",""
"2317","G","RHISE","IMP","AMB","III","1201","","NONE","0","NORM","762K","MULTI","2","9","3.5","NIVA","M7V","","","0","1","",""
"2319","G","IVENDO","IMP","GRN","IV-NS","2865","","THN-T","41","NORM","1.1M","TECHN","6","9","4","AGNI","A9V","","","2","1","",""
"2411","G","KEANOU","IMP","GRN","III-S","7242","","DEN-T","1","COOL","2.34K","REPDE","5","7","2.5","DEEONIPO","M3III","M2D","","3","1","",""
"2414","G","TUREDED","IMP","AMB","IV","5980","","STD","52","NORM","689K","REPDE","5","7","4","AGNI","M3V","","","4","1","",""
"2415","G","VREIBEFGER","IMP","GRN","I-NS","4195","","DENSE","10","FROZE","933K","REPDE","1","5","2.5","NI","M9V","","","1","0","",""
"2416","G","LA`BELLE","IMP","GRN","III","5238","","STD","39","VCOLD","72","CORPO","1","5","1.5","NI","F2V","M3D","","1","0","",""
"2417","G","EQUUS","IMP","GRN","IV-S","5393","","THIN","97","NORM","260M","TECHN","2","8","4.5","WA","F6V","M5D","","2","0","",""
"2418","G","ICETINA","IMP","AMB","IV-N","4867","","VTH-T","44`","NORM","345K","DICTA","5","7","3.5","NI","M9V","M8D","","1","0","",""
"2419","G","COGRI","IMP","GRN","III","9835","","STD","99","FROZE","5.62M","REPDE","1","9","4","NIWA","M1II","","","2","3","",""
"2420","G","SKULL","IMP","GRN","III-N","2147","","VTHIN","27","NORM","6.3M","CORPO","6","9","4","NANIPO","M1V","M0VI","","1","0","",""
"2512","H","KINORB","IMP","GRN","III","4108","","THN-T","92","COLD","50K","OLIGA","2","9","3","NI","A0V","K9D","","2","0","",""
"2514","H","GILEDEN","IMP","GRN","III","3872","","DENSE","31","NORM","23","NONE","1","6","1.5","EONI","M9V","","","3","0","",""
"2519","H","PANNET","IMP","GRN","I","9316","","INSID","54","COLD","2M","MULTI","4","7","3","FLNI","K5V","","","4","2","",""
"2520","H","GARRINCSKI","IMP","GRN","IV-S","6209","","VTHIN","23","CHILL","400K","ATHDE","0","7","3.5","NIPO","M0V","M7D","","0","1","",""
"2612","H","MACENE","IMP","GRN","IV-N","AST","","NONE","0","NONE","9.4K","MILIT","4","10","3","ASEONIVA","G8V","M8D","","1","1","",""
"2613","H","FULACIN","IMP","GRN","V","5981","","STD-T","42","","2.3K","CORPO","1","9","3.5","NI","G3V","","","0","1","",""
"2620","H","NATOKO","IMP","GRN","III","8235","","DENSE","68","COLD","2B","DICTA","4","9","5","HI","F4V","","","0","1","",""
"2712","H","RISEK","IMP","GRN","V","3033","","VTHIN","49","TROPI","42K","MULTI","4","9","3.5.","NI","M5V","M3D","","1","0","",""
"2715","H","POROZLO","IMP","GRN","V","7085","","STD","74","NORM","21.46B","MULTI","4","9","6","HI","M1V","M9D","","1","0","",""
"2716","H","RHYLANOR*","IMP","GRN","V-NS","3978","","VTHIN","40","NORM","8.304B","OLIGA","3","12","6","CPHINA","M2VI","","","1","0","",""
"2720","H","LONESEDA","IMP","GRN","III","8042","","STD","100","NORM","700","BUREA","2","7","2","EONIWA","FM9V","","","5","0","",""
"2811","H","VALHALLA","IMP","GRN","I","2629","","STD","52","CHILL","40K","OLIGA","1","6","2.5","NI","G4IV","","","2","2","",""
"2812","H","ZIVIJE","IMP","GRN","III","5836","","CORRO","12","WARM","4.67B","BUREA","6","9","5","FLHIIN","G6V","","","1","2","",""
"2814","H","JAE_TELLONA","IMP","GRN","V-N","5040","","STD","0","NORM","260K","MILIT","2","8","4","DENIRI","F9IV","","","1","3","",""
"2818","H","GEROME","IMP","RED","0","5469","","STD-T","33","NORM","0","NONE","0","0","NIL","BAEONI","K2V","","","1","0","",""
"2912","H","HENOZ","IMP","GRN","V","2026","","THIN","54","NORM","60.9","REPDE","1","9","3.5","NI","F3D","","","4","2","",""
"2913","H","CELEPINA","IMP","GRN","IV","5139","","THN-T","40","HOT","32K","OLIGA","1","8","3","NI","M2VI","","","1","0","",""
"2918","H","GITOSY","IMP","GRN","IV","AST","","NONE","3","NONE","3.3M","MULTI","4","9","4","ASNANIVA","G6V","M3D","","0","2","",""
"3015","H","BELIZO","IMP","GRN","IV","7694","","DEN-T","51","WARM","4.27M","REPDE","1","6","4","AGNI","G1V","","","3","2","",""
"3016","H","KEGENA","IMP","GRN","I","7334","","STD","92","ICY","42K","SUBJU","0","5","2","NI","F6V","","","4","2","",""
"3017","H","HERONI","IMP","GRN","I","6868","","EXOTI","0","NORM","3.3M","CORPO","3","6","3","DENI","G5V","","","0","2","",""
"3019","H","457-973","IMP","RED","0","2623","","STD-T","42","","200","CORPO","4","5","1","EONI","G9V","","","4","3","",""
"3020","H","SOMEM","IMP","GRN","III","2909","","NONE","7","NORM","7K","REPDE","0","10","3","ICEONIVA","M6V","M7VI","","1","0","",""
"3111","H","VINORIAN","IMP","GRN","IV","7666","","STD-T","91","NORM","4.328M","CORPO","0","9","4","NI","M3V","M4D","","0","1","",""
"3112","H","NUTEMA","IMP","GRN","IV-N","7644","","THN-T","61","TROPI","9K","ATHDE","0","8","2.5","EONI","M3V","","","2","2","",""
"3114","H","HUDERU","IMP","RED","0","5037","","STD-T","53","NORM","0","NONE","0","0","NIL","BAEONI","M0III","","","0","2","",""
"3118","H","CAPATWE","IMP","GRN","IV","2965","","THIN","82","VHOT","8.456B","BUREA","5","6","5","HI","M1V","","","3","2","",""
"3119","H","VANEJEN","IMP","GRN","III","5539","","STD","62","COOL","552M","TECHN","2","5","4","AGRI","K1V","M0D","","0","2","",""
"3212","H","MARGESI","IMP","GRN","V-NS","5245","","STD-T","58","COOL","300","TECHN","4","10","3","EONI","F0V","","","0","2","",""
"3216","H","BEVEY","IMP","GRN","II-S","3979","","VTH-T","0","COOL","5.3B","OLIGA","6","8","4","DEHIINPO","F4V","","","4","2","",""
"3218","H","TACAXEB","IMP","GRN","III","1883","","VTHIN","0","COOL","63K","CORPO","1","9","3","DENIPO","M6V","M2D","","1","0","",""
"3220","H","POWAZA","IMP","GRN","III","6619","","DENSE","773","COOL","70K","GOV","2","6","3","NI","A5V","K4D","","2","3","",""
"0122","I","JUNCTION","IND","GRN","II","1200","","THIN","1","NORM","23K","REPDE","1","5","2.5","DENIPO","M3V","M2D","","0","1","",""
"0129","I","UNIQUA","GAR","GRN","I","5718","","VTH-T","51","NORM","210K","MILIT","5","5","2.5","NI","K9V","M9D","","0","1","",""
"0130","I","GAROO","GAR","GRN","V","1802","","NONE","0","FROZE","200M","OLIGA","5","9","5","NAVA","M1V","M5D","","0","1","",""
"0223","I","STERN-STERN","DAR","GRN","IV","2985","","VTH-T","6","VARIA","700","BUREA","4","9","3.5","NIPO","M0V","M3D","","1","0","",""
"0230","I","886-945","GAR","GRN","II","7831","","VTHIN","26","VARIA","10","MILIT","2","5","0.5","EONIPO","F8V","","","4","0","",""
"0321","I","NONYM","DAR","GRN","III","1330","","VTHIN","32","WARM","620M","BUREA","4","9","4.5","NAPO","G0V","","","3","2","",""
"0325","I","LABERV","DAR","GRN","IV-M","2766","","THIN","44","WARM","73.4K","REPDE","1","7","3","NI","F0V","","","4","3","",""
"0326","I","EKTRON","DAR","GRN","III","3122","","VTHIN","15","COOL","4.3M","TECHN","1","9","4","NANIPO","M5V","","","3","2","",""
"0421","I","ZAMINE","DAR","GRN","I","8098","","DEN-T","70","HOT","2.2B","MULTI","4","9","4","HIIN","M9V","","","3","2","",""
"0425","I","ENGRANGE","DAR","GRN","III","4537","","THIN","36","NORM","70M","REPDE","4","8","4","AG","M1V","M3D","","1","0","",""
"0426","I","ILIUM","DAR","GRN","IV-M`","3555","","THN-T","36","NORM","452M","OLIGA","1","9","5","-","G3V","M8D","","1","0","",""
"0427","I","ROGET","DAR","GRN","IV","4537","","STD","56","NORM","40M","MULTI","3","9","4.5","AGRI","K8VI","M9D","","0","2","",""
"0429","I","KARDIN","IND","AMB","I","4351","","THIN","26","COOL","40","ATHDE","2","6","1","EOPONI","F7V","","","0","1","",""
"0430","I","BULARIA","ICS","GRN","III","6837","","STD-T","38","NORM","3.67M","ATHDE","1","6","3.5","AGNI","M5V","M3D","","0","1","",""
"0526","I","RORRE","DAR","GRN","II","6588","","STD","50","WARM","1.224M","TECHN","2","5","3","AGNIRI","F4V","M7D","","3","0","",""
"0527","I","MIRE*","DAR","GRN","V-M","6103","","STD","51","NORM","10.3B","BUREA","2","9","6","HICP","M6V","","","0","1","",""
"0528","I","CONDARIA","DAR","GRN","I","4736","","THN-T","71","COOL","92M","BUREA","6","6","3","AG","M3V","M0D","","1","0","",""
"0530","I","DORIANNA","DAR","GRN","I","3569","","VTH-T","5","COLD","502K","BUREA","6","8","2.5","NIPO","K4V","","","0","1","",""
"0622","I","TERANT 340","DAR","GRN","II","1305","","THN-T","1","NORM","520K","DICTA","2","9","3.5","DENIPO","G0V","M5D","","3","2","",""
"0624","I","JACENT","DAR","GRN","V","3238","","VTHIN","30","COOL","7.235M","REPDE","2","10","4.5","PONI","M6V","","","0","1","",""
"0625","I","494-908","DAR","RED","0","8328","","DEN-T","26","WARM","0","0","0","0","NIL","BA","M1V","","","0","1","",""
"0627","I","DARRIAN","DAR","GRN","V","4288","","STD","33","WARM","2.1M","TECHN","2","13","4.5","NI","G1V","M1D","","5","2","",""
"0721","I","TORMENT","DAR","RED","0","1504","","VTHIN","32","COLD","800","DICTA","1","5","1","EONIPO","G1V","","","0","2","",""
"0723","I","TRIFUGE","DAR","GRN","III","4245","","THN-T","60","WARM","220K","CORPO","2","9","3.5","AGNI","M5II","","","0","1","",""
"0724","I","NOSEA","DAR","GRN","IV","2071","","VTHIN","20","COLD","6.1M","DICTA","6","10","4","NANIPO","G0IV","","","0","2","",""
"0727","I","SPUME","DAR","GRN","III-M","513","","VTH-T","0","COOL","<100","FAMIL","0","9","2","DEEONI","M7V","","","4","3","",""
"0729","I","ATOR","IND","GRN","II","3182","","VTH-T","60","VCOLD","830","OLIGA","5","6","2","EONI","F7V","M7D","","1","2","",""
"0822","I","CUNNONIC","DAR","GRN","I","5699","","THIN","72","NORM","5.2M","ATHDE","6","5","2.5","AGNI","M0V","","","2","0","",""
"0830","I","DEBARRE","ICS","AMB","IV","","","THIN","39","COOL","80","ATHDE","1","9","2.5","EONI","M2V","","","2","2","",""
"0921","J","HRUNTING","SWD","GRN","IV-M","4165","","STD","30","NORM","32M","REPDE","3","9","4.5","RI","M2V","","","3","1","",""
"0922","J","TIZON","SWD","GRN","IV-M","3002","","DENSE","61","COLD","372M","BUREA","3","9","5","RI","K2IV","M3D","","3","2","",""
"0927","J","NARSIL","SWD","GRN","IV-M","4779","","STD-T","38","NORM","27B","TECHN","5","9","5.5","NIIN","M0III","M6D","","4","2","",""
"0930","J","FLAMMARION","IMP","GRN","V-NW","5878","","VTHIN","29","COOL","77K","SUBJU","2","9","4.5","NIPO","F8V","","","0","1","",""
"1022","J","COLADA","SWD","AMB","IV-M","3232","","STD","40","NORM","2.372M","BUREA","2","9","4.5","AGNIRI","K2V","M8D","","1","1","",""
"1026","J","ANDURIL","SWD","AMB","V-M","9467","","DENSE","49","NORM","222M","TECHN","2","9","5.5","RI","F2V","","","2","2","",""
"1121","J","MJOLNIR","SWD","GRN","IV-M","4948","","VTHIN","0","TROPI","52K","REPDE","2","9","3.5","DENIPO","A5V","G0D","","2","2","",""
"1123","J","JOYEUSE","SWD","AMB","IV-M","4009","","STD","44","COOL","41M","BUREA","5","9","4.5","AGRI","M3V","M9D","","1","0","",""
"1126","J","ORCRIST","SWD","GRN","IV-M","7958","","EXOTI","62","NORM","42M","OLIGA","2","9","4.5","FL","M7V","M7D","","1","0","",""
"1130","J","ENOS","IMP","GRN","I","1961","","THIN","0","VHOT","75K","BUREA","6","5","2","DENIPO","M9V","","","0","1","",""
"1221","J","GUNGNIR","SWD","GRN","IV-M","3943","","THN-T","40","NORM","47M","MULTI","2","8","4","AG","G3IV","M4VI","","2","3","",""
"1223","J","GRAM*","SWD","GRN","V-M","7935","","DEN-T","55","NORM","6.839B","TECHN","5","9","5.5","CPHIIN","F2D","M2D","","3","0","",""
"1225","J","EXCALIBUR","BOR","GRN","IV","3022","","VTH-T","36","COOL","47M","DICTA","2","9","4.5","-","M5V","","","2","0","",""
"1324","J","TYRFING","BOR","GRN","IV","6104","","VTHIN","72","NORM","77M","OLIGA","2","9","4.5","","M4V","","","1","0","",""
"1325","J","SACNOTH","BOR","GRN","IV","7172","","STD-T","50","NORM","9.238B","TECHN","2","10","5.5","HIINPO","F9V","M8D","","1","0","",""
"1329","J","CALADBOLG","IMP","GRN","IV-S","2985","","STD","49","COLD","99M","MULTI","2","9","4.5","AGRI","F7V","M0D","M4D","0","1","",""
"1424","J","BEATER*","BOR","GRN","IV-N","5927","","DENSE","52","TROPI","6.2M","BUREA","2","9","4","AGCPNIRI","M4V","","","0","1","",""
"1429","J","GUNN","IMP","AMB","I","3080","","THN-T","37","WARM","68","CORPO","0","8","1","EONI","M6V","","","2","0","",""
"1430","J","CALIBURN","IMP","GRN","I","AST","","NONE","0","NORM","94K","SUBJU","2","9","2.5","ASNI","M7VI","","","4","2","",""
"1522","J","DYRNWYN","SWD","GRN","IV","9585","","THIN","76","ICY","22K","SUBJU","1","9","3.5","NI","M4V","M8D","","1","0","",""
"1523","J","DURENDAL","SWD","GRN","IV","5746","","DENSE","74","NORM","7.2K","OLIGA","2","9","3","EONI","M1V","","","4","1","",""
"1524","J","HOFUD","BOR","GRN","IV","6084","","STD","62","NORM","58K","TECHN","1","9","3.5","NI","M4V","M9D","","1","0","",""
"1525","J","STING","ICS","GRN","IV","6106","","THN-T","52","NORM","75M","BUREA","3","9","","","M0V","","","","","",""
"1526","J","BITER","IMP","GRN","IV","2757","","THIN","41","NORM","230K","ATHDE","1","9","4","AG","M7V","M1D","","1","0","",""
"1529","J","STEEL","IMP","GRN","I","6118","","THIN","47","HOT","4.3K","SUBJU","1","8","2","EONI","M8III","","","4","2","",""
"1626","J","IRON","IMP","GRN","I","4973","","VTH-T","95","HOT","0","NONE","0","0","0.5","EONI","F0V","","","4","1","",""
"1627","J","BRONZE","IMP","GRN","I","1894","","NONE","11","FROZE","0","NONE","0","0","0.5","EONI","M3V","","","0","1","",""
"1628","J","MITHRIL","IMP","GRN","I","5025","","STD","83","COLD","0","NONE","0","0","0.5","EONI","F4D","","","1","0","",""
"1721","K","ARBA","IMP","GRN","III","2039","","NONE","0","WARM","550","NONE","0","9","3.5","EONIVA","K2V","","","0","1","",""
"1727","K","WARDN","IND","GRN","IV-S","6774","","THIN","62","WARM","76K","BUREA","2","10","4","NI","M2V","","","2","0","",""
"1728","K","OLYMPIA","IMP","GRN","III","3002","","VTH-T","82","NORM","1.4K","REPDE","1","7","3","EONI","M6V","","","0","2","",""
"1729","K","SMOUG","IMP","GRN","III","1032","","THN-T","0","NORM","40.5M","BUREA","5","8","4","DEPO","M1V","M7D","","2","0","",""
"1822","K","RABWHAR","IMP","GRN","II-S","5208","","THN-T","43","TROPI","340M","DICTA","4","7","3.5","-","M5D","","","3","1","",""
"1824","K","ADABICCI","IMP","GRN","V-N","4929","","STD-T","9","VCOLD","858M","BUREA","4","9","5.5","-","K8V","M8D","","1","0","",""
"1825","K","ZAIBON","IMP","GRN","IV","AST","","NONE","0","NONE","550K","REPDE","1","10","4.5","ASNI","G5III","","","2","1","",""
"1826","K","TENALPHA","IMP","GRN","V","7004","","STD-T","73","TROPI","48","NONE","0","4","2","EONI","F7V","","","0","1","",""
"1924","K","LANIC","IMP","GRN","I","2722","","STD","0","COOL","6.07M","BUREA","5","6","3","DENIRI","M6II","M9D","","4","2","",""
"1927","K","SPIRELLE","IMP","GRN","III-S","7228","","STD","60","WARM","723M","REPDE","4","7","4.5","RI","M7V","","","5","1","",""
"2024","K","DERCHON","IMP","GRN","III-S","5127","","TRACE","23","VCOLD","95M","REPDE","5","7","","ICNA--","M0V","M7D","","","","",""
"2124","K","LUNION*","IMP","GRN","V-N","8950","","DEN-T","91","COLD","8.056M","BUREA","2","10","6","CPHIIN","M3D","M7D","","0","1","",""
"2125","K","SHIRENE","IMP","AMB","IV","8633","","DENSE","42","CHILL","703K","CORPO","0","10","4.5","AGNI","G4V","M1D","M1D","3","2","",""
"2128","K","PENKWHAR","IMP","RED","0","9187","","STD-T","79","TROPI","3K","TRIBE","0","4","1.5","EONI","M0V","","","0","2","",""
"2129","K","HARVOSETTE","IMP","GRN","III","3188","","VTHIN","0","","630M","REPDE","5","9","4.5","DENAPO","M7D","M5D","","0","1","",""
"2224","K","CARSE","IMP","GRN","III","4009","","STD","34","NORM","6.4K","ATHDE","4","9","3.5","EONI","M8V","M6D","","1","0","",""
"2228","K","PERSEPHONE","IMP","GRN","IV-S","7110","","STD-T","54","CHILL","940M","OLIGA","1","9","5","","M2V","","","2","2","",""
"2321","K","QUIRU","IMP","GRN","IV","3045","","STD","53","COLD","3.2K","NONE","0","8","3.5","EONI","M6V","","","3","2","",""
"2322","K","GORRAM","IMP","RED","0","5345","","THIN","40","CHILL","840","ATHDE","0","2","0.5","EONI","M8V","M6VI","","1","0","",""
"2323","K","RESTEN","IMP","GRN","IV-S","3014","","TRACE","0","COLD","50","NONE","0","9","3","DEEONIPO","M5V","M8D","","1","0","",""
"2324","K","CAPON","IMP","GRN","IV-N","7253","","THN-T","67","COLD","60.56M","REPDE","4","9","5","AG","M9D","","","0","1","",""
"2325","K","SHARRIP","IMP","GRN","III","5158","","THN-T","53","CHILL","50","NONE","1","9","3","EONI","K5V","","","3","0","",""
"2327","K","STROUDEN","IMP","GRN","V-N","7452","","THN-T","48","NORM","9.048B","BUREA","5","12","6","HIIN","M5V","M4D","","0","2","",""
"2425","K","GANDR","IMP","GRN","I","AST","","NONE","0","NONE","4.3K","REPDE","5","8","2","EONIVA","M7V","","","3","1","",""
"2426","K","DROLRAW","IMP","GRN","I","10503","","CORRO","63","NORM","900","CORPO","1","6","2","FLEONI","F1V","","","4","0","",""
"2521","L","HERONI","IMP","GRN","IV","6096","","THN-T","41","NORM","8.23B","OLIGA","4","8","5","HIIN","F3V","","","1","2","",""
"2523","L","BYRET","IMP","GRN","IV","3872","","DENSE","53","NORM","8M","BUREA","4","6","4","AGNIRI","M9V","","","2","1","",""
"2527","L","PIMANE","IMP","GRN","I","5134","","NONE","0","VHOT","3K","REPDE","1","5","1.5","EONIVA","K0V","","","3","0","",""
"2621","L","FOSEY","IMP","GRN","V","6004","","VTHIN","30","NORM","2.4M","TECHN","2","9","4.5","NANIPO","M3V","","","0","2","",""
"2624","L","MERCURY","IMP","GRN","IV-NS","6053","","THIN","81","COOL","8M","MILIT","1","8","4","AGNI","F7V","","","4","0","",""
"2627","L","TIVID","IMP","GRN","III","5027","","VTHIN","37","COLD","80K","MULTI","1","8","3","NI","M3V","","","1","0","",""
"2726","L","CAREY","IMP","GRN","III","5221","","STD-T","92","WARM","100","ATHDE","1","9","2.5","EONI","M7V","M2D","","0","1","",""
"2728","L","DUALE","IMP","GRN","V","5221","","THN-T","29","NORM","62M","OLIGA","6","9","5","PO","M2V","M07","","1","0","",""
"2824","L","CATUZ","IMP","GRN","III","2026","","VTH-T","0","VHOT","30K","BUREA","6","9","3","DENIPO","G9V","M2D","","0","1","",""
"2827","L","MELETO","IMP","GRN","III-S","3882","","STD","54","WARM","40","NONE","0","5","1.5","EONI","F9V","","","4","2","",""
"2828","L","HEXOS","IMP","GRN","IV-N","4906","","VTHIN","41","ICY","60K","ATHDE","1","8","3","NI","K1V","M2D","","3","2","",""
"2830","L","PADASE","IMP","GRN","III-S","3915","","TRACE","51","COLD","1.1K","REPDE","2","5","2.5","ICEONI","M6V","M7D","","1","0","",""
"2924","L","MORAN","IMP","GRN","III-N","3039","","STD","72","NORM","9K","NONE","0","8","3","EONI","M4V","M7D","","1","0","",""
"2927","L","MAITZ","IMP","GRN","V","1896","","NONE","8","COLD","400K","CORPO","1","10","4","IVNIVA","F1V","","","2","2","",""
"2930","L","MAINZ","IMP","GRN","III","5183","","THIN","30","COLD","9","TECHN","1","9","3","EONIPO","K2V","M7D","","3","0","",""
"3021","L","BRODIE","IMP","GRN","III","4009","","TRACE","0","WARM","70K","SUBJU","4","7","3","NI","M1III","M7D","","4","1","",""
"3022","L","RORISE","IMP","GRN","III","7129","","DEN-T","42","NORM","10","ATHDE","1","9","2","EONI","M7V","","","2","0","",""
"3024","L","JOKOTRE","IMP","GRN","IV","5861","","THIN","44","WARM","640M","THEOC","4","7","","","K6V","","","","","",""
"3025","L","FORNICE","IMP","GRN","V","3045","","THIN","42","WARM","82M","BUREA","5","10","5","-","M0V","","","2","0","",""
"3026","L","GRILLE","IMP","GRN","I","4052","","TRACE","0","NORM","2K","OLIGA","2","7","","","F0V","M5D","","","","",""
"3029","L","PALLIQUE","IMP","AMB","V","5096","","TRACE","13","VARIA","8B","SUBJU","2","11","5.5","HIICINNA","M1V","M0D","","0","2","",""
"3030","L","NEXINE","IMP","GRN","III","9049","","STD-T","100","TROPI","2K","REPDE","1","8","2.5","EONIWA","M8V","M6D","","1","0","",""
"3123","L","NADRIN","IMP","GRN","II","1162","","VTH-T","0","HOT","900","TRIBE","0","6","2","DEEONIPO","M5V`","M1D","","0","2","",""
"3124","L","MORA*","IMP","GRN","V-N","11473","","DEN","92","WARM","32.5B","OLIGA","4","12","6.5","CXHIIN","M5V","","","2","1","",""
"3223","L","DOJODO","IMP","GRN","III-S","5233","","TRACE","22","HOT","9K","MILIT","1","7","","","M5V","","","","","",""
"3228","L","FENL`S_GREN","IMP","GRN","III","6153","","THN-T","72","WARM","4K","REPDE","2","9","3","EONI","K7V","","","3","2","",""
"0133","M","EMAPE","IMP","AMB","IV-N","6567","","STD","40","NORM","512K","NONE","0","9","4","AGNI","M0V","","","3","0","",""
"0139","M","RAWEH","IMP","AMB","IV","833","","VTHIN","0","VCOLD","9.1K","NONE","0","10","3","EOEONIPO","G3V","M1D","","0","2","",""
"0140","M","876-574","IMP","GRN","I","5656","","DENSE","65","VWARM","700","NONE","0","1","1","EONI","K7V","","","2","0","",""
"0231","M","SAXE","IMP","GRN","I","10429","","DEN-T","48","TROPI","900K","REPDE","1","7","2.5","FLNI","AW2V","","","0","1","",""
"0236","M","ANDOR","DRO","GRN","III","5438","","DEN-T","52","WARM","60M","OLIGA","2","9","4.5","AG","F3V","","","3","0","",""
"0240","M","769-422","IMP","GRN","I","4723","","THIN","44","NORM","90K","NONE","1","8","2.5","NI","GSV","","","4","2","",""
"0332","M","GOTHE","IMP","GRN","I","3654","","VTH-T","9","VCOLD","304K","BUREA","6","6","2.5","NIPO","F5IV","","","0","1","",""
"0333","M","MIRRIAM","IMP","AMB","IV","","","DEN-T","90","WARM","92M","DICTA","2","9","4.5","-","M6V","","","4","1","",""
"0336","M","CANDORY","DRO","RED","III","5248","","DEN-T","25","WARM","9.3M","OLIGA","2","8","3.5","NI","F6V","M3D","","0","2","",""
"0340","M","WONDERAY","IMP","GRN","I","7557","","DENSE","98","COOL","21K","SUBJU","6","5","2","NIWA","M3V","M1D","","0","1","",""
"0432","M","JONE","IMP","AMB","IV","6837","","DEN-T","15","HOT","70M","BUREA","2","9","4.5","-","M8V","M45D","","0","1","",""
"0440","M","JINX","IMP","AMB","II","1125","","NONE","0","VARIA","26","ANARC","0","7","1.5","EONIVA","G3IV","M5D","","2","0","",""
"0532","M","UCELLA","ICS","AMB","II","4761","","STD-T","43","WARM","4.324M","TECHN","2","7","3.5","AGNI","F2V","M6D","","0","1","",""
"0533","M","PENELOPE","IMP","GRN","III","3978","","STD","1","HOT","3.02M","REPDE","1","5","3","DENIPO","F6V","M7VI","","3","2","",""
"0534","M","KARIN","IMP","GRN","V","7241","","STD","67","WARM","41.2M","MILIT","2","10","5","AGRI","M7V","","","0","1","",""
"0538","M","WONSTAR","IMP","AMB","IV","3480","","THIN","45","COOL","92M","ATHDE","1","7","4","AG","M0V","M1D","","0","1","",""
"0539","M","FROIN","IMP","GRN","III","4549","","VTHIN","54","VCOLD","628","REPDE","2","9","2.5","EONI","M7V","M2D","","1","0","",""
"0632","M","GOHATURE","IMP","GRN","III","6712","","THIN","41","NORM","50.6M","SUBJU","3","7","4","AG","F8V","","","3","2","",""
"0637","M","QUHAIATHAT","IMP","GRN","III","2486","","TRACE","37","VCOLD","24.23M","BUREA","6","9","4.5","IC","M8V","","","0","1","",""
"0638","M","LAKOU","IMP","AMB","I","6619","","STD-T","92","COLD","62K","TECHN","2","8","2.5","NI","M6D","","","1","0","",""
"0731","M","RALHE","ICS","GRN","I","2119","","VTH-T","35","VCOLD","832K","SUBJU","2","7","2.5","NI","M8V","M3D","","1","0","",""
"0732","M","IDERATI*","IMP","GRN","V-N","7769","","DENSE","71","WARM","20.5M","BUREA","4","12","5","AGRICP","M9V","","","1","0","",""
"0739","M","TONDOUL","ICS","GRN","I","4971","","TRACE","25","VCOLD","7.3M","DICTA","3","5","2.5","ICNANI","M8V","M1D","","1","0","",""
"0833","M","875-496","ICS","AMB","I","8213","","DENSE","83","HOT","53K","ATHDE","1","7","2.5","NI","M8V","M7D","","0","1","",""
"0837","M","OCHECATE","MEW","GRN","I","6650","","THN-T","66","COOL","203K","SUBJU","5","7","2.5","AGNI","G8VI","M8D","","0","1","",""
"0838","M","MEWEY","MEW","GRN","II","6961","","DENSE","64","NORM","72M","BUREA","6","6","3.5","AGRI","M3V","M3D","","1","0","",""
"0840","M","975-452","IMP","GRN","I","690","","NONE","0","VCOLD","8K","CORPO","2","9","2.5","NIVA","M0V","","","1","2","",""
"0931","N","ASTELTINE","ICS","GRN","IV","6489","","EXOTI","69","VHOT","22K","FAMIL","2","9","3.5","FLNI","K7V","M3D","","1","0","",""
"0938","N","INCHIN","ICS","GRN","II","373","","VTH-T","0","CHILL","8.4K","TECHN","6","9","2.5","DEEONIPO","F0III","","","2","3","",""
"0940","N","SINGER","IND","AMB","II","4512","","THIN","30","NORM","9M","MULTI","1","6","3.5","NIPO","M2V","M2D","","0","1","",""
"1031","N","567-908","IND","GRN","I","5034","","VTHIN","20","WARM","300K","THEOC","2","5","2.5","NIPO","M9V","M1D","","1","0","",""
"1037","N","AVASTAN","ICS","GRN","III","3990","","VTHIN","27","COLD","730K","ATHDE","0","9","3.5","NIPO","M8VI","","","2","4","",""
"1040","N","KWAI CHING","IND","AMB","III","4984","","NONE","30","VCOLD","30.3M","TECHN","5","9","4.5","ICNAINVA","K3V","","","2","0","",""
"1131","N","FALDOR","IND","GRN","I","4562","","DEN-T","27","WARM","5M","DICTA","3","5","2.5","NIPO","M7III","","","2","0","",""
"1132","N","BOWMAN","ICS","GRN","II-S","AST","","NONE","0","NONE","8.7K","NONE","0","9","2.5","ASEONI","M0V","","","0","1","",""
"1133","N","SQUALLIA","ICS","GRN","III","3853","","VTHIN","80","COLD","3M","MULTI","5","9","4","NA","F0V","","","2","0","",""
"1138","N","TARSUS","ICS","GRN","IV","5100","","DENSE","41","VARIA","2.32M","ATHDE","0","9","4","AGNI","K9V","","","0","2","",""
"1232","N","WALSTON","ICS","GRN","III","5407","","THIN-T","43","COOL","3K","OLIGA","5","8","2.5","EONI","M5V","","","0","2","",""
"1233","N","FLEXOS","IND","GRN","I","4773","","NITRO","11","NORM","62K","ATHDE","1","6","2.5","FLNI","M8V","M2D","","1","0","",""
"1237","N","COLLACE","ICS","GRN","IV-S","5966","","VTH-T","75","VCOLD","2B","ATHDE","1","10","5.5","HIINPO","F1V","M6D","","0","1","",""
"1238","N","PAVABID","IND","AMB","III","5966","","STD","70","NORM","738M","THEOC","4","6","4.5","RI","M7V","","","0","1","",""
"1331","N","DATRILLIAN","IND","GRN","I","1523","","VTH-T","68","WARM","8.4M","OLIGA","2","8","3","NI","M7V","","","0","1","",""
"1332","N","NIRTON","IND","RED","0","6215","","NONE","0","VCOLD","0","NONE","0","0","NIL","BA","K8V","","","1","1","",""
"1337","N","JUDICE","ICS","GRN","I","9646","","NITRI","17","NORM","3","NONE","0","0","NIL","BAFLEONI","M3III","","","2","1","",""
"1339","N","TREXALON","IND","GRN","IV","2902","","STD","6","TROPI","902M","TECHN","1","10","5","IN","M0D","","","2","3","",""
"1340","N","MOTMOS","ICS","GRN","IV-N","5718","","DENSE","35","WARM","7.236M","BUREA","6","6","4","AGNIRI","M2V","M2D","","1","0","",""
"1433","N","NOCTOCOL","IND","GRN","I","690","","VDEN","52","HOT","61M","ATHDE","3","6","3","FL","M5VI","M2D","","0","2","",""
"1434","N","TARKINE","ICS","AMB","III-S","3853","","STD","60","NORM","3M","BUREA","2","7","3.5","AGNIRI","M0V","M2D","","1","0","",""
"1435","N","DALLIA","ICS","GRN","IV","7462","","CORRO","49","NORM","620M","BUREA","1","9","5","FLIN","F2V","","","1","0","",""
"1436","N","TALOS","IND","GRN","I","2890","","VTHIN","32","VCOLD","800K","OLIGA","2","9","3","NIPO","F9V","M1D","","2","0","",""
"1531","N","DAWNWORLD","IMP","GRN","I","8403","","DENSE","50","HOT","0","NONE","0","0","NIL","BA","F8D","M5D","","2","5","",""
"1532","N","ELIXABETH","ICS","GRN","IV","4474","","VTH-T","61","COLD","22K","DICTA","4","8","3","NI","M4V","M5D","","0","1","",""
"1533","N","FORINE","IND","GRN","II","2635","","TRACE","22","VCOLD","1.6B","DICTA","5","9","4.5","ICINNA","M9V","","","1","0","",""
"1537","N","MERTACTOR*","IMP","GRN","IV","1927","","STD","19","WARM","60M","OLIGA","1","9","4.5","CP","G1V","","","1","0","",""
"1631","N","TALCHEK","ICS","AMB","III","7054","","CORRO","10","MILD","60.5K","DICTA","2","6","3","FLNI","K8V","M5VI","","1","0","",""
"1632","N","MILAGRO","ICS","GRN","I","1927","","TRACE","6","VCOLD","90M","BUREA","6","7","3","ICNAINVA","M2V","","","2","0","",""
"1634","N","PAGATON","IND","GRN","III","7396","","STD","93","NORM","938M","MULTI","1","5","4","RI","MOV","","","1","3","",""
"1635","N","BINGES","","GRN","V","7955","","NONE","0","VCOLD","700","OLIGA","1","9","3","EONIVA","F0V","","","2","0","",""
"1637","N","MILLE_FALCS","IMP","GRN","IV","8577","","EXOTI","21","NORM","30K","MILIT","6","10","3.5","FLNI","M6V","","","0","1","",""
"1731","O","GROTE","IMP","GRN","V","4034","","NONE","0","COLD","3.1K","NONE","0","9","3.5","EONIVA","F8V","","","4","2","",""
"1733","O","LYDIA","IMP","GRN","I","963","","TRACE","0","COLD","9.3K","DICTA","0","6","2","DEEONI","M4III","MOVI","","2","0","",""
"1736","O","MELIOR","IMP","AMB","II","1000","","THN-T","0","NORM","62K","SUBJU","0","7","2.5","DENI","G3V","","","4","2","",""
"1737","O","EGYPT","IMP","GRN","IV-N","10149","","INSID","65","VCOLD","92K","SUBJU","2","7","3","FLNI","F8V","","","1","2","",""
"1739","O","ASTER","IMP","GRN","III","8017","","STD","100","COLD","7.4K","CORPO","0","9","3","NEWA","M89V","","","1","0","",""
"1836","O","CALLIA","IMP","GRN","I","1175","","THIN","0","MOD","900M","TECHN","1","6","2.5","DENI","M7V","","","0","1","",""
"1932","O","MITHRAS","IMP","GRN","III","8328","","CORRO","52","NORM","900K","REPDE","4","6","3","FLNI","M7V","","","2","0","",""
"1934","O","WEISS","IMP","AMB","IV","5780","","STD","21","NORM","9K","CORPO","3","9","3","EONI","M0III","M2D","","3","0","",""
"1935","O","WINDSOR","IMP","GRN","III","7396","","DENSE","31","HOT","60","CORPO","6","9","2","EONI","K9V","M0D","","0","1","",""
"1937","O","OVERNALE","IMP","GRN","IV","4139","","THIN","39","TROPI","4.05M","MULTI","6","9","4","AGNI","G3V","","","3","2","",""
"1938","O","NEW_ROME","IMP","GRN","IV-N","7995","","VTHIN","70","COLD","700M","SUBJU","5","9","5","-","F8V","M0D","","4","0","",""
"1939","O","CRAW","IMP","GRN","III","5140","","STD-T","30","NORM","9.130M","REPDE","2","5","3","NI","G7V","","","3","2","",""
"2035","O","AKI","IMP","AMB","IV","4009","","THN-T","34","CHILL","2.27B","BUREA","5","9","5.5","HIINPO","G6V","M2D","","4","1","",""
"2036","O","GLISTEN*","IMP","GRN","V-NS","AST","","NONE","0","NONE","8.384B","BUREA","4","12","6","ASHIINNACP","K9V","","","1","2","",""
"2038","O","TRANE","IMP","GRN","III","5966","","VTHIN","90","NORM","70K","ATHDE","1","10","3","NI","F4V","M3D","","4","0","",""
"2132","O","CENTRY","IMP","GRN","I","1989","","VTH-T","20","COOL","20K","REPDE","5","6","2.5","NIPO","K3V","","","0","2","",""
"2134","O","CALEDONIA","IMP","GRN","III","5115","","THN-T","8","NORM","9M","OLIGA","2","6","3.5","NIPO","M4III","M0D","","0","1","",""
"2137","O","SOREL","IMP","GRN","I","4040","","DENSE","49","NORM","9M","BUREA","5","5","2.5","AGNIRI","G3V","M3D","","1","2","",""
"2138","O","HOROSHO","IMP","GRN","III-S","3008","","VTHIN","72","NORM","900.4M","DICTA","2","9","4.5","-","F4V","","","0","2","",""
"2140","O","ROMAR","IMP","GRN","IV-NS","3922","","THIN","0","CHILL","12K","TECHN","4","8","3","DENI","M5V","M3D","","2","1","",""
"2231","O","MARASTAN","IMP","GRN","II","2846","","DENSE","60","COLD","92M","MULTI","1","6","3.5","AGRI","M7V","","","4","2","",""
"2232","O","CROUT","IMP","GRN","I","4071","","VTHIN","46","WARM","3.05B","OLIGA","5","7","3.5","HI","M7II","M9VI","","4","1","",""
"2233","O","TIREM","IMP","GRN","III","7334","","CORRO","54","COLD","6.772B","MULTI","2","9","5","FLHIIN","K5V","","","1","2","",""
"2234","O","INTHE","IMP","GRN","III","802","","NONE","0","FROZE","91K","BUREA","5","9","3","NIVA","K3V","","","4","2","",""
"2236","O","TSARINA","IMP","GRN","I","999","","VTH-T","0","COOL","3.53M","OLIGA","4","6","3","DENANI","M5V","M2D","","1","0","",""
"2237","O","WURZBURG","IMP","GRN","III-S","6830","","DEN-T","50","TROPI","5K","NONE","0","8","2.5","EONI","F8V","","","0","1","",""
"2331","O","BICORNN","IMP","GRN","I","5202","","STD","34","NORM","30K","MULTI","3","5","2","NI","M0V","","","0","1","",""
"2334","O","FFUDN","IMP","GRN","V","4001","","TRACE","43","NORM","950M","BUREA","5","8","5","IC","F3V","M3VI","","4","0","",""
"2336","O","BENDOR","IMP","GRN","V-NS","7582","","THIN","58","NORM","8M","TECHN","3","6","4","AGNI","A5V","","","0","2","",""
"2534","P","BURTSON","IMP","GRN","III","4102","","STD","23","NORM","5M","SUBJU","4","8","3.5","NIRI","M4V","","","2","0","",""
"2536","P","SQUANNINE","IMP","GRN","V","3040","","NONE","0","FROZE","800K","TECHN","0","9","4","NIVA","F4V","M7D","","3","0","",""
"2537","P","DOBHAM","IMP","GRN","V-S","3872","","THIN","0","NORM","9K","TECHN","4","9","3.5","DEEONIPO","G0V","","","3","2","",""
"2538","P","PYRAMUS","IMP","GRN","I","5457","","STD","59","NORM","8K","OLIGA","2","5","1.5","EONI","M6V","","","4","1","",""
"2539","P","THISBE","IMP","GRN","I","3915","","VTHIN","1","COLD","900K","DICTA","6","6","2.5","DENIPO","F8II","","","2","2","",""
"2540","P","ARAMIS","IMP","GRN","IV","5991","","THIN","92","HOT","10M","MULTI","0","5","4.5","-","M5V","","","4","2","",""
"2637","P","ROBIN","IMP","GRN","III","AST","","NONE","0","NONE","60K","BUREA","6","10","3","ASNI","F3V","M0D","","2","1","",""
"2638","P","DMARA","IMP","GRN","I","7067","","THIN","100","NORM","80M","BUREA","4","6","3","WA","M5VF4IV","","","0","1","",""
"2639","P","KELTCHER","IMP","GRN","III","5121","","VTHIN","50","WARM","50K","MILIT","4","9","3","NI","M6V","","","2","0","",""
"2731","P","TUSSINIAN","IMP","GRN","IV","6153","","STD-T","78","COOL","800","ATHDE","1","7","2.5","EONI","K0V","","","0","2","",""
"2733","P","EDENELT","IMP","GRN","V","3978","","STD","30","NORM","700M","OLIGA","4","10","5","RI","M7V","","","4","3","",""
"2735","P","CONWAY","IMP","GRN","IV-S","8011","","DEN-T","43","NORM","50K","BUREA","2","7","3","NI","F0V","M0D","","1","1","",""
"2739","P","DODDS","IMP","GRN","III","4052","","THN-T","30","WARM","4B","THEOC","4","7","4.5","HIINPO","M7V","","","3","2","",""
"2832","P","LEANDER","IMP","GRN","I","5966","","DEN-T","50","WARM","500","REPDE","2","6","1.5","EONI","M5V","M1D","","1","0","",""
"2833","P","PEPERNIUM","IMP","GRN","II","5194","","STD","71","NORM","20K","OLIGA","0","5","2","NI","M1V","","","3","0","",""
"2834","P","TRALTHA","IMP","GRN","IV","7247","","DEN-T","0","NORM","1M","OLIGA","0","6","4","DENIPO","F5V","","","0","1","",""
"2839","P","FARQUAHAR","IMP","GRN","III-S","6072","","VTHIN","50","WARM","20K","SUBJU","1","7","3","NI","M5V","","","1","0","",""
"2933","P","RAYDRAD","IMP","GRN","I","9324","","DEN-T","31","NORM","4M","MULTI","4","6","3","AGNI","M7III","M9D","","3","0","",""
"2934","P","ZYRA","IMP","GRN","IV","5183","","THIN","49","NORM","80K","REPDE","4","7","3","NI","M8V","","","1","0","",""
"2935","P","MURCHISON","IMP","GRN","IV","5183","","THIN-T","38","COOL","70K","OLIGA","1","6","3","NI","M5III","M9V","","5","0","",""
"2936","P","HAMMERMIUM","IMP","GRN","V","4873","","THIN","22","COOL","70K","DICTA","6","10","3.5","NIPO","M3III","","","5","3","",""
"2940","P","THORNNASTOR","IMP","GRN","II-S","5158","","VTHIN","36","HOT","30K","REPDE","1","8","2.5","NI","M1III","","","4","0","",""
"3032","P","KATARULU","IMP","GRN","IV-NW","2076","","THIN","19","ICY","2M","MILIT","2","10","4","NIPO","M0V","M9D","","1","0","",""
"3035","P","PRILISSA","IMP","GRN","IV","9130","","DENSE","50","NORM","70K","BUREA","5","6","3","NI","K9V","","","0","1","",""
"3038","P","TEE-TEE-TEE","IMP","GRN","III","802","","TRACE","0","NORM","30K","OLIGA","0","9","3","DENI","M2V","","","2","0","",""
"3039","P","YOUGHAL","IMP","GRN","V","10429","","EXOTI","93","NORM","9K","SUBJU","2","9","3.5","EONI","M3V","","","1","0","",""
"3040","P","TENELPHI","IMP","GRN","II-S","7185","","STD","100","NORM","40K","MULTI","3","8","3","NIWA","F4V","M0VI","","1","0","",""
"3138","P","ZEPHYR","IMP","GRN","0","8092","","DEN-T","52","WARM","70K","MILIT","6","5","-0.5","NI","M5V","","","4","0","",""
"3139","P","CHAMOIS","IMP","GRN","IV-S","5245","","THN-T","39","WARM","6M","REPDE","1","5","3.5","AGNI","F9IV","","","3","2","",""
"3233","P","RAMIVA","IMP","GRN","IV","1144","","TRACE","0","WARM","50M","MILIT","3","8","4","DENA","M9V","","","3","1","",""
"3235","P","TRIN*","IMP","GRN","V","8216","","DEN-T","44","COOL","22B","BUREA","3","12","","CPHIIN","M0V","","","1","0","",""
"3236","P","HAZEL","IMP","AMB","III","6041","","THN-T","52","NORM","80M","REPDE","4","5","","AG","A1V","M6D","","0","1","",""
